document,person
http://localhost/publications/procs/Proceeding1/1950,http://localhost/persons/Paul_Erdoes
http://localhost/publications/procs/Proceeding1/1951,http://localhost/persons/Paul_Erdoes
http://localhost/publications/procs/Proceeding1/1952,http://localhost/persons/Paul_Erdoes
http://localhost/publications/procs/Proceeding1/1953,http://localhost/persons/Paul_Erdoes
http://localhost/publications/procs/Proceeding1/1954,http://localhost/persons/Paul_Erdoes
http://localhost/publications/procs/Proceeding1/1955,http://localhost/persons/Paul_Erdoes
http://localhost/publications/procs/Proceeding1/1956,http://localhost/persons/Paul_Erdoes
http://localhost/publications/procs/Proceeding1/1957,http://localhost/persons/Paul_Erdoes
http://localhost/publications/procs/Proceeding1/1958,http://localhost/persons/Paul_Erdoes
http://localhost/publications/procs/Proceeding2/1958,http://localhost/persons/Paul_Erdoes
http://localhost/publications/procs/Proceeding1/1959,http://localhost/persons/Paul_Erdoes
http://localhost/publications/procs/Proceeding2/1959,http://localhost/persons/Paul_Erdoes
http://localhost/publications/procs/Proceeding1/1960,http://localhost/persons/Paul_Erdoes
http://localhost/publications/procs/Proceeding2/1960,http://localhost/persons/Paul_Erdoes
http://localhost/publications/procs/Proceeding1/1961,http://localhost/persons/Paul_Erdoes
http://localhost/publications/procs/Proceeding2/1961,http://localhost/persons/Paul_Erdoes
http://localhost/publications/procs/Proceeding1/1962,http://localhost/persons/Paul_Erdoes
http://localhost/publications/procs/Proceeding2/1962,http://localhost/persons/Paul_Erdoes
http://localhost/publications/procs/Proceeding1/1963,http://localhost/persons/Paul_Erdoes
http://localhost/publications/procs/Proceeding2/1963,http://localhost/persons/Paul_Erdoes
http://localhost/publications/procs/Proceeding1/1964,http://localhost/persons/Paul_Erdoes
http://localhost/publications/procs/Proceeding2/1964,http://localhost/persons/Paul_Erdoes
http://localhost/publications/procs/Proceeding1/1965,http://localhost/persons/Paul_Erdoes
http://localhost/publications/procs/Proceeding2/1965,http://localhost/persons/Paul_Erdoes
http://localhost/publications/procs/Proceeding1/1966,http://localhost/persons/Paul_Erdoes
http://localhost/publications/procs/Proceeding2/1966,http://localhost/persons/Paul_Erdoes
http://localhost/publications/procs/Proceeding1/1967,http://localhost/persons/Paul_Erdoes
http://localhost/publications/procs/Proceeding2/1967,http://localhost/persons/Paul_Erdoes
http://localhost/publications/procs/Proceeding1/1968,http://localhost/persons/Paul_Erdoes
http://localhost/publications/procs/Proceeding2/1968,http://localhost/persons/Paul_Erdoes
http://localhost/publications/procs/Proceeding1/1969,http://localhost/persons/Paul_Erdoes
http://localhost/publications/procs/Proceeding2/1969,http://localhost/persons/Paul_Erdoes
http://localhost/publications/procs/Proceeding1/1970,http://localhost/persons/Paul_Erdoes
http://localhost/publications/procs/Proceeding2/1970,http://localhost/persons/Paul_Erdoes
http://localhost/publications/procs/Proceeding1/1971,http://localhost/persons/Paul_Erdoes
http://localhost/publications/procs/Proceeding2/1971,http://localhost/persons/Paul_Erdoes
http://localhost/publications/procs/Proceeding1/1972,http://localhost/persons/Paul_Erdoes
http://localhost/publications/procs/Proceeding2/1972,http://localhost/persons/Paul_Erdoes
http://localhost/publications/journals/Journal1/1940,_:b0
http://localhost/publications/journals/Journal1/1941,_:b1
http://localhost/publications/journals/Journal1/1942,_:b2
http://localhost/publications/journals/Journal1/1943,_:b3
http://localhost/publications/journals/Journal1/1943,_:b4
http://localhost/publications/journals/Journal1/1945,_:b5
http://localhost/publications/journals/Journal1/1945,_:b6
http://localhost/publications/journals/Journal1/1945,_:b7
http://localhost/publications/journals/Journal1/1945,_:b8
http://localhost/publications/journals/Journal1/1947,_:b9
http://localhost/publications/journals/Journal1/1947,_:b10
http://localhost/publications/journals/Journal1/1947,_:b11
http://localhost/publications/journals/Journal1/1949,_:b12
http://localhost/publications/journals/Journal1/1949,_:b13
http://localhost/publications/journals/Journal1/1950,_:b14
http://localhost/publications/procs/Proceeding1/1950,_:b15
http://localhost/publications/journals/Journal1/1950,_:b15
http://localhost/publications/procs/Proceeding1/1950,_:b16
http://localhost/publications/procs/Proceeding1/1950,_:b17
http://localhost/publications/journals/Journal1/1951,_:b18
http://localhost/publications/procs/Proceeding1/1951,_:b19
http://localhost/publications/journals/Journal1/1951,_:b19
http://localhost/publications/procs/Proceeding1/1951,_:b20
http://localhost/publications/procs/Proceeding1/1951,_:b21
http://localhost/publications/procs/Proceeding1/1952,_:b22
http://localhost/publications/journals/Journal2/1952,_:b22
http://localhost/publications/procs/Proceeding1/1952,_:b23
http://localhost/publications/journals/Journal1/1952,_:b23
http://localhost/publications/journals/Journal2/1952,_:b23
http://localhost/publications/procs/Proceeding1/1952,_:b24
http://localhost/publications/journals/Journal2/1952,_:b24
http://localhost/publications/journals/Journal1/1954,_:b25
http://localhost/publications/procs/Proceeding1/1954,_:b26
http://localhost/publications/journals/Journal2/1954,_:b26
http://localhost/publications/procs/Proceeding1/1954,_:b27
http://localhost/publications/journals/Journal2/1954,_:b27
http://localhost/publications/procs/Proceeding1/1955,_:b28
http://localhost/publications/journals/Journal1/1955,_:b28
http://localhost/publications/journals/Journal3/1955,_:b28
http://localhost/publications/procs/Proceeding1/1955,_:b29
http://localhost/publications/journals/Journal1/1955,_:b29
http://localhost/publications/journals/Journal2/1955,_:b29
http://localhost/publications/procs/Proceeding1/1955,_:b30
http://localhost/publications/journals/Journal1/1955,_:b30
http://localhost/publications/journals/Journal2/1955,_:b30
http://localhost/publications/journals/Journal2/1956,_:b31
http://localhost/publications/journals/Journal4/1956,_:b31
http://localhost/publications/procs/Proceeding1/1956,_:b32
http://localhost/publications/journals/Journal3/1956,_:b32
http://localhost/publications/journals/Journal4/1956,_:b32
http://localhost/publications/journals/Journal2/1956,_:b33
http://localhost/publications/journals/Journal3/1956,_:b33
http://localhost/publications/journals/Journal4/1956,_:b33
http://localhost/publications/procs/Proceeding1/1957,_:b34
http://localhost/publications/journals/Journal2/1957,_:b34
http://localhost/publications/procs/Proceeding1/1957,_:b35
http://localhost/publications/journals/Journal1/1957,_:b35
http://localhost/publications/journals/Journal3/1957,_:b35
http://localhost/publications/procs/Proceeding1/1957,_:b36
http://localhost/publications/journals/Journal1/1957,_:b36
http://localhost/publications/journals/Journal2/1958,_:b37
http://localhost/publications/procs/Proceeding2/1958,_:b37
http://localhost/publications/journals/Journal1/1958,_:b38
http://localhost/publications/journals/Journal4/1958,_:b38
http://localhost/publications/procs/Proceeding1/1958,_:b39
http://localhost/publications/journals/Journal1/1958,_:b39
http://localhost/publications/journals/Journal4/1958,_:b39
http://localhost/publications/procs/Proceeding1/1958,_:b40
http://localhost/publications/journals/Journal2/1958,_:b40
http://localhost/publications/journals/Journal4/1958,_:b40
http://localhost/publications/journals/Journal3/1959,_:b41
http://localhost/publications/procs/Proceeding2/1959,_:b41
http://localhost/publications/journals/Journal5/1959,_:b41
http://localhost/publications/journals/Journal3/1959,_:b42
http://localhost/publications/procs/Proceeding2/1959,_:b42
http://localhost/publications/journals/Journal3/1959,_:b43
http://localhost/publications/procs/Proceeding2/1959,_:b43
http://localhost/publications/journals/Journal5/1959,_:b43
http://localhost/publications/journals/Journal2/1958,_:b44
http://localhost/publications/procs/Proceeding2/1958,_:b44
http://localhost/publications/procs/Proceeding1/1959,_:b45
http://localhost/publications/journals/Journal1/1959,_:b45
http://localhost/publications/journals/Journal4/1959,_:b45
http://localhost/publications/procs/Proceeding1/1959,_:b46
http://localhost/publications/journals/Journal1/1959,_:b46
http://localhost/publications/journals/Journal4/1959,_:b46
http://localhost/publications/procs/Proceeding1/1959,_:b47
http://localhost/publications/journals/Journal1/1959,_:b47
http://localhost/publications/journals/Journal5/1959,_:b47
http://localhost/publications/journals/Journal1/1960,_:b48
http://localhost/publications/journals/Journal5/1960,_:b48
http://localhost/publications/journals/Journal6/1960,_:b48
http://localhost/publications/procs/Proceeding2/1960,_:b49
http://localhost/publications/journals/Journal4/1960,_:b49
http://localhost/publications/journals/Journal6/1960,_:b49
http://localhost/publications/journals/Journal1/1960,_:b50
http://localhost/publications/journals/Journal4/1960,_:b50
http://localhost/publications/journals/Journal6/1960,_:b50
http://localhost/publications/procs/Proceeding1/1960,_:b51
http://localhost/publications/journals/Journal2/1960,_:b51
http://localhost/publications/journals/Journal5/1960,_:b51
http://localhost/publications/procs/Proceeding1/1960,_:b52
http://localhost/publications/journals/Journal2/1960,_:b52
http://localhost/publications/journals/Journal5/1960,_:b52
http://localhost/publications/journals/Journal1/1961,_:b53
http://localhost/publications/procs/Proceeding2/1961,_:b53
http://localhost/publications/journals/Journal5/1961,_:b53
http://localhost/publications/procs/Proceeding2/1960,_:b54
http://localhost/publications/journals/Journal4/1960,_:b54
http://localhost/publications/journals/Journal6/1960,_:b54
http://localhost/publications/procs/Proceeding1/1961,_:b55
http://localhost/publications/journals/Journal4/1961,_:b55
http://localhost/publications/procs/Proceeding3/1961,_:b55
http://localhost/publications/procs/Proceeding1/1961,_:b56
http://localhost/publications/procs/Proceeding3/1961,_:b56
http://localhost/publications/journals/Journal5/1961,_:b56
http://localhost/publications/procs/Proceeding1/1961,_:b57
http://localhost/publications/journals/Journal1/1961,_:b57
http://localhost/publications/procs/Proceeding2/1961,_:b57
http://localhost/publications/journals/Journal5/1961,_:b57
http://localhost/publications/procs/Proceeding1/1961,_:b58
http://localhost/publications/procs/Proceeding2/1961,_:b58
http://localhost/publications/journals/Journal4/1961,_:b58
http://localhost/publications/journals/Journal2/1962,_:b59
http://localhost/publications/procs/Proceeding2/1962,_:b59
http://localhost/publications/journals/Journal7/1962,_:b59
http://localhost/publications/journals/Journal2/1962,_:b60
http://localhost/publications/procs/Proceeding2/1962,_:b60
http://localhost/publications/procs/Proceeding2/1962,_:b61
http://localhost/publications/journals/Journal6/1962,_:b61
http://localhost/publications/procs/Proceeding1/1962,_:b62
http://localhost/publications/procs/Proceeding3/1962,_:b62
http://localhost/publications/journals/Journal6/1962,_:b62
http://localhost/publications/journals/Journal1/1962,_:b63
http://localhost/publications/procs/Proceeding2/1962,_:b63
http://localhost/publications/journals/Journal7/1962,_:b63
http://localhost/publications/journals/Journal2/1963,_:b64
http://localhost/publications/journals/Journal3/1963,_:b64
http://localhost/publications/procs/Proceeding2/1963,_:b64
http://localhost/publications/journals/Journal6/1963,_:b64
http://localhost/publications/journals/Journal8/1963,_:b64
http://localhost/publications/journals/Journal2/1963,_:b65
http://localhost/publications/procs/Proceeding2/1963,_:b65
http://localhost/publications/journals/Journal4/1963,_:b65
http://localhost/publications/journals/Journal7/1963,_:b65
http://localhost/publications/journals/Journal2/1963,_:b66
http://localhost/publications/procs/Proceeding2/1963,_:b66
http://localhost/publications/journals/Journal4/1963,_:b66
http://localhost/publications/journals/Journal8/1963,_:b66
http://localhost/publications/procs/Proceeding1/1963,_:b67
http://localhost/publications/journals/Journal3/1963,_:b67
http://localhost/publications/journals/Journal4/1963,_:b67
http://localhost/publications/procs/Proceeding3/1963,_:b67
http://localhost/publications/journals/Journal8/1963,_:b67
http://localhost/publications/procs/Proceeding1/1963,_:b68
http://localhost/publications/journals/Journal3/1963,_:b68
http://localhost/publications/journals/Journal6/1963,_:b68
http://localhost/publications/procs/Proceeding3/1963,_:b68
http://localhost/publications/journals/Journal8/1963,_:b68
http://localhost/publications/journals/Journal1/1964,_:b69
http://localhost/publications/procs/Proceeding2/1964,_:b69
http://localhost/publications/journals/Journal4/1964,_:b69
http://localhost/publications/journals/Journal7/1964,_:b69
http://localhost/publications/procs/Proceeding1/1964,_:b70
http://localhost/publications/journals/Journal3/1964,_:b70
http://localhost/publications/journals/Journal7/1964,_:b70
http://localhost/publications/procs/Proceeding4/1964,_:b70
http://localhost/publications/procs/Proceeding1/1964,_:b71
http://localhost/publications/journals/Journal1/1964,_:b71
http://localhost/publications/journals/Journal3/1964,_:b71
http://localhost/publications/journals/Journal7/1964,_:b71
http://localhost/publications/journals/Journal2/1964,_:b72
http://localhost/publications/procs/Proceeding2/1964,_:b72
http://localhost/publications/journals/Journal4/1964,_:b72
http://localhost/publications/journals/Journal8/1964,_:b72
http://localhost/publications/procs/Proceeding1/1964,_:b73
http://localhost/publications/journals/Journal2/1964,_:b73
http://localhost/publications/procs/Proceeding2/1964,_:b73
http://localhost/publications/journals/Journal4/1964,_:b73
http://localhost/publications/procs/Proceeding1/1964,_:b74
http://localhost/publications/journals/Journal3/1964,_:b74
http://localhost/publications/procs/Proceeding3/1964,_:b74
http://localhost/publications/journals/Journal6/1964,_:b74
http://localhost/publications/procs/Proceeding1/1964,_:b75
http://localhost/publications/journals/Journal3/1964,_:b75
http://localhost/publications/journals/Journal7/1964,_:b75
http://localhost/publications/procs/Proceeding4/1964,_:b75
http://localhost/publications/journals/Journal2/1965,_:b76
http://localhost/publications/journals/Journal9/1965,_:b76
http://localhost/publications/procs/Proceeding3/1965,_:b77
http://localhost/publications/journals/Journal7/1965,_:b77
http://localhost/publications/procs/Proceeding3/1965,_:b78
http://localhost/publications/journals/Journal7/1965,_:b78
http://localhost/publications/journals/Journal3/1965,_:b79
http://localhost/publications/journals/Journal9/1965,_:b79
http://localhost/publications/procs/Proceeding1/1965,_:b80
http://localhost/publications/journals/Journal4/1965,_:b80
http://localhost/publications/journals/Journal10/1965,_:b80
http://localhost/publications/procs/Proceeding2/1965,_:b81
http://localhost/publications/journals/Journal5/1965,_:b81
http://localhost/publications/journals/Journal10/1965,_:b81
http://localhost/publications/procs/Proceeding2/1965,_:b82
http://localhost/publications/journals/Journal5/1965,_:b82
http://localhost/publications/procs/Proceeding2/1966,_:b83
http://localhost/publications/journals/Journal7/1966,_:b83
http://localhost/publications/procs/Proceeding5/1966,_:b83
http://localhost/publications/journals/Journal12/1966,_:b83
http://localhost/publications/journals/Journal5/1966,_:b84
http://localhost/publications/procs/Proceeding4/1966,_:b84
http://localhost/publications/journals/Journal9/1966,_:b84
http://localhost/publications/journals/Journal1/1966,_:b85
http://localhost/publications/procs/Proceeding2/1966,_:b85
http://localhost/publications/journals/Journal8/1966,_:b85
http://localhost/publications/journals/Journal1/1966,_:b86
http://localhost/publications/procs/Proceeding2/1966,_:b86
http://localhost/publications/journals/Journal8/1966,_:b86
http://localhost/publications/journals/Journal3/1966,_:b87
http://localhost/publications/procs/Proceeding3/1966,_:b87
http://localhost/publications/journals/Journal8/1966,_:b87
http://localhost/publications/journals/Journal5/1966,_:b88
http://localhost/publications/procs/Proceeding3/1966,_:b88
http://localhost/publications/journals/Journal9/1966,_:b88
http://localhost/publications/procs/Proceeding1/1966,_:b89
http://localhost/publications/journals/Journal6/1966,_:b89
http://localhost/publications/procs/Proceeding4/1966,_:b89
http://localhost/publications/journals/Journal9/1966,_:b89
http://localhost/publications/procs/Proceeding1/1966,_:b90
http://localhost/publications/journals/Journal6/1966,_:b90
http://localhost/publications/procs/Proceeding4/1966,_:b90
http://localhost/publications/journals/Journal9/1966,_:b90
http://localhost/publications/procs/Proceeding1/1966,_:b91
http://localhost/publications/journals/Journal7/1966,_:b91
http://localhost/publications/procs/Proceeding5/1966,_:b91
http://localhost/publications/journals/Journal11/1966,_:b91
http://localhost/publications/journals/Journal3/1967,_:b92
http://localhost/publications/procs/Proceeding3/1967,_:b92
http://localhost/publications/journals/Journal11/1967,_:b92
http://localhost/publications/journals/Journal3/1967,_:b93
http://localhost/publications/procs/Proceeding4/1967,_:b93
http://localhost/publications/journals/Journal11/1967,_:b93
http://localhost/publications/journals/Journal3/1967,_:b94
http://localhost/publications/procs/Proceeding4/1967,_:b94
http://localhost/publications/journals/Journal12/1967,_:b94
http://localhost/publications/procs/Proceeding2/1966,_:b95
http://localhost/publications/journals/Journal7/1966,_:b95
http://localhost/publications/procs/Proceeding5/1966,_:b95
http://localhost/publications/journals/Journal12/1966,_:b95
http://localhost/publications/procs/Proceeding2/1967,_:b96
http://localhost/publications/journals/Journal9/1967,_:b96
http://localhost/publications/procs/Proceeding6/1967,_:b96
http://localhost/publications/procs/Proceeding2/1967,_:b97
http://localhost/publications/journals/Journal9/1967,_:b97
http://localhost/publications/procs/Proceeding6/1967,_:b97
http://localhost/publications/journals/Journal1/1967,_:b98
http://localhost/publications/procs/Proceeding3/1967,_:b98
http://localhost/publications/journals/Journal10/1967,_:b98
http://localhost/publications/journals/Journal1/1967,_:b99
http://localhost/publications/procs/Proceeding3/1967,_:b99
http://localhost/publications/journals/Journal10/1967,_:b99
http://localhost/publications/journals/Journal5/1967,_:b100
http://localhost/publications/procs/Proceeding5/1967,_:b100
http://localhost/publications/journals/Journal12/1967,_:b100
http://localhost/publications/journals/Journal4/1967,_:b101
http://localhost/publications/procs/Proceeding4/1967,_:b101
http://localhost/publications/journals/Journal12/1967,_:b101
http://localhost/publications/journals/Journal5/1967,_:b102
http://localhost/publications/procs/Proceeding4/1967,_:b102
http://localhost/publications/journals/Journal12/1967,_:b102
http://localhost/publications/procs/Proceeding1/1967,_:b103
http://localhost/publications/journals/Journal6/1967,_:b103
http://localhost/publications/procs/Proceeding5/1967,_:b103
http://localhost/publications/journals/Journal13/1967,_:b103
http://localhost/publications/procs/Proceeding1/1967,_:b104
http://localhost/publications/journals/Journal6/1967,_:b104
http://localhost/publications/procs/Proceeding5/1967,_:b104
http://localhost/publications/journals/Journal13/1967,_:b104
http://localhost/publications/procs/Proceeding1/1967,_:b105
http://localhost/publications/journals/Journal6/1967,_:b105
http://localhost/publications/procs/Proceeding5/1967,_:b105
http://localhost/publications/procs/Proceeding2/1967,_:b106
http://localhost/publications/journals/Journal6/1967,_:b106
http://localhost/publications/procs/Proceeding6/1967,_:b106
http://localhost/publications/journals/Journal1/1968,_:b107
http://localhost/publications/procs/Proceeding4/1968,_:b107
http://localhost/publications/journals/Journal11/1968,_:b107
http://localhost/publications/journals/Journal4/1968,_:b108
http://localhost/publications/procs/Proceeding4/1968,_:b108
http://localhost/publications/journals/Journal14/1968,_:b108
http://localhost/publications/journals/Journal4/1968,_:b109
http://localhost/publications/procs/Proceeding4/1968,_:b109
http://localhost/publications/journals/Journal14/1968,_:b109
http://localhost/publications/procs/Proceeding3/1968,_:b110
http://localhost/publications/journals/Journal7/1968,_:b110
http://localhost/publications/procs/Proceeding7/1968,_:b110
http://localhost/publications/procs/Proceeding3/1968,_:b111
http://localhost/publications/journals/Journal7/1968,_:b111
http://localhost/publications/procs/Proceeding7/1968,_:b111
http://localhost/publications/procs/Proceeding3/1968,_:b112
http://localhost/publications/journals/Journal9/1968,_:b112
http://localhost/publications/procs/Proceeding7/1968,_:b112
http://localhost/publications/journals/Journal1/1968,_:b113
http://localhost/publications/procs/Proceeding3/1968,_:b113
http://localhost/publications/journals/Journal10/1968,_:b113
http://localhost/publications/journals/Journal5/1968,_:b114
http://localhost/publications/procs/Proceeding5/1968,_:b114
http://localhost/publications/journals/Journal4/1968,_:b115
http://localhost/publications/procs/Proceeding5/1968,_:b115
http://localhost/publications/journals/Journal15/1968,_:b115
http://localhost/publications/journals/Journal4/1968,_:b116
http://localhost/publications/procs/Proceeding5/1968,_:b116
http://localhost/publications/journals/Journal15/1968,_:b116
http://localhost/publications/procs/Proceeding1/1968,_:b117
http://localhost/publications/journals/Journal6/1968,_:b117
http://localhost/publications/procs/Proceeding5/1968,_:b117
http://localhost/publications/procs/Proceeding2/1968,_:b118
http://localhost/publications/journals/Journal6/1968,_:b118
http://localhost/publications/procs/Proceeding6/1968,_:b118
http://localhost/publications/procs/Proceeding2/1968,_:b119
http://localhost/publications/journals/Journal6/1968,_:b119
http://localhost/publications/procs/Proceeding6/1968,_:b119
http://localhost/publications/procs/Proceeding2/1968,_:b120
http://localhost/publications/journals/Journal7/1968,_:b120
http://localhost/publications/procs/Proceeding6/1968,_:b120
http://localhost/publications/books/1969/Book1,_:b121
http://localhost/publications/journals/Journal8/1969,_:b121
http://localhost/publications/procs/Proceeding5/1969,_:b121
http://localhost/publications/journals/Journal1/1969,_:b122
http://localhost/publications/journals/Journal14/1969,_:b122
http://localhost/publications/procs/Proceeding5/1969,_:b123
http://localhost/publications/journals/Journal10/1969,_:b123
http://localhost/publications/journals/Journal1/1969,_:b124
http://localhost/publications/journals/Journal15/1969,_:b124
http://localhost/publications/procs/Proceeding5/1969,_:b125
http://localhost/publications/journals/Journal11/1969,_:b125
http://localhost/publications/journals/Journal11/1969,_:b126
http://localhost/publications/procs/Proceeding6/1969,_:b126
http://localhost/publications/procs/Proceeding6/1969,_:b127
http://localhost/publications/journals/Journal12/1969,_:b127
http://localhost/publications/journals/Journal13/1969,_:b128
http://localhost/publications/procs/Proceeding7/1969,_:b128
http://localhost/publications/journals/Journal13/1969,_:b129
http://localhost/publications/procs/Proceeding7/1969,_:b129
http://localhost/publications/journals/Journal2/1969,_:b130
http://localhost/publications/journals/Journal15/1969,_:b130
http://localhost/publications/journals/Journal2/1969,_:b131
http://localhost/publications/journals/Journal15/1969,_:b131
http://localhost/publications/procs/Proceeding1/1969,_:b132
http://localhost/publications/journals/Journal3/1969,_:b132
http://localhost/publications/journals/Journal16/1969,_:b132
http://localhost/publications/journals/Journal3/1969,_:b133
http://localhost/publications/procs/Proceeding3/1969,_:b133
http://localhost/publications/journals/Journal16/1969,_:b133
http://localhost/publications/journals/Journal5/1970,_:b134
http://localhost/publications/procs/Proceeding6/1970,_:b134
http://localhost/publications/journals/Journal14/1970,_:b134
http://localhost/publications/journals/Journal4/1970,_:b135
http://localhost/publications/procs/Proceeding3/1970,_:b135
http://localhost/publications/journals/Journal13/1970,_:b135
http://localhost/publications/journals/Journal5/1970,_:b136
http://localhost/publications/procs/Proceeding7/1970,_:b136
http://localhost/publications/journals/Journal16/1970,_:b136
http://localhost/publications/journals/Journal4/1970,_:b137
http://localhost/publications/procs/Proceeding3/1970,_:b137
http://localhost/publications/journals/Journal13/1970,_:b137
http://localhost/publications/journals/Journal6/1970,_:b138
http://localhost/publications/procs/Proceeding7/1970,_:b138
http://localhost/publications/journals/Journal16/1970,_:b138
http://localhost/publications/journals/Journal4/1970,_:b139
http://localhost/publications/procs/Proceeding5/1970,_:b139
http://localhost/publications/journals/Journal13/1970,_:b139
http://localhost/publications/journals/Journal5/1970,_:b140
http://localhost/publications/procs/Proceeding6/1970,_:b140
http://localhost/publications/journals/Journal13/1970,_:b140
http://localhost/publications/procs/Proceeding4/1969,_:b141
http://localhost/publications/journals/Journal8/1969,_:b141
http://localhost/publications/journals/Journal16/1969,_:b141
http://localhost/publications/procs/Proceeding4/1969,_:b142
http://localhost/publications/journals/Journal8/1969,_:b142
http://localhost/publications/journals/Journal17/1969,_:b142
http://localhost/publications/journals/Journal6/1970,_:b143
http://localhost/publications/procs/Proceeding8/1970,_:b143
http://localhost/publications/journals/Journal16/1970,_:b143
http://localhost/publications/journals/Journal6/1970,_:b144
http://localhost/publications/procs/Proceeding8/1970,_:b144
http://localhost/publications/journals/Journal19/1970,_:b144
http://localhost/publications/procs/Proceeding1/1970,_:b145
http://localhost/publications/journals/Journal3/1970,_:b145
http://localhost/publications/journals/Journal10/1970,_:b145
http://localhost/publications/procs/Proceeding1/1970,_:b146
http://localhost/publications/journals/Journal3/1970,_:b146
http://localhost/publications/journals/Journal11/1970,_:b146
http://localhost/publications/journals/Journal1/1970,_:b147
http://localhost/publications/journals/Journal7/1970,_:b147
http://localhost/publications/journals/Journal19/1970,_:b147
http://localhost/publications/journals/Journal1/1970,_:b148
http://localhost/publications/journals/Journal7/1970,_:b148
http://localhost/publications/journals/Journal19/1970,_:b148
http://localhost/publications/journals/Journal3/1970,_:b149
http://localhost/publications/procs/Proceeding2/1970,_:b149
http://localhost/publications/journals/Journal12/1970,_:b149
http://localhost/publications/procs/Proceeding2/1970,_:b150
http://localhost/publications/journals/Journal4/1970,_:b150
http://localhost/publications/journals/Journal12/1970,_:b150
http://localhost/publications/journals/Journal7/1971,_:b151
http://localhost/publications/procs/Proceeding6/1971,_:b151
http://localhost/publications/journals/Journal15/1971,_:b151
http://localhost/publications/journals/Journal7/1971,_:b152
http://localhost/publications/procs/Proceeding6/1971,_:b152
http://localhost/publications/journals/Journal19/1971,_:b152
http://localhost/publications/journals/Journal8/1971,_:b153
http://localhost/publications/procs/Proceeding6/1971,_:b153
http://localhost/publications/journals/Journal19/1971,_:b153
http://localhost/publications/journals/Journal8/1971,_:b154
http://localhost/publications/procs/Proceeding7/1971,_:b154
http://localhost/publications/journals/Journal20/1971,_:b154
http://localhost/publications/journals/Journal7/1970,_:b155
http://localhost/publications/procs/Proceeding8/1970,_:b155
http://localhost/publications/journals/Journal19/1970,_:b155
http://localhost/publications/journals/Journal3/1971,_:b156
http://localhost/publications/procs/Proceeding3/1971,_:b156
http://localhost/publications/journals/Journal13/1971,_:b156
http://localhost/publications/journals/Journal3/1971,_:b157
http://localhost/publications/procs/Proceeding3/1971,_:b157
http://localhost/publications/journals/Journal14/1971,_:b157
http://localhost/publications/journals/Journal3/1971,_:b158
http://localhost/publications/procs/Proceeding4/1971,_:b158
http://localhost/publications/journals/Journal14/1971,_:b158
http://localhost/publications/journals/Journal4/1971,_:b159
http://localhost/publications/procs/Proceeding4/1971,_:b159
http://localhost/publications/journals/Journal15/1971,_:b159
http://localhost/publications/journals/Journal11/1971,_:b160
http://localhost/publications/procs/Proceeding10/1971,_:b160
http://localhost/publications/journals/Journal11/1971,_:b161
http://localhost/publications/procs/Proceeding10/1971,_:b161
http://localhost/publications/journals/Journal9/1971,_:b162
http://localhost/publications/procs/Proceeding9/1971,_:b162
http://localhost/publications/journals/Journal11/1971,_:b163
http://localhost/publications/procs/Proceeding10/1971,_:b163
http://localhost/publications/journals/Journal8/1971,_:b164
http://localhost/publications/procs/Proceeding7/1971,_:b164
http://localhost/publications/journals/Journal9/1971,_:b165
http://localhost/publications/procs/Proceeding9/1971,_:b165
http://localhost/publications/journals/Journal9/1971,_:b166
http://localhost/publications/procs/Proceeding9/1971,_:b166
http://localhost/publications/procs/Proceeding1/1971,_:b167
http://localhost/publications/journals/Journal1/1971,_:b167
http://localhost/publications/journals/Journal11/1971,_:b167
http://localhost/publications/procs/Proceeding1/1971,_:b168
http://localhost/publications/journals/Journal1/1971,_:b168
http://localhost/publications/journals/Journal12/1971,_:b168
http://localhost/publications/journals/Journal2/1971,_:b169
http://localhost/publications/procs/Proceeding2/1971,_:b169
http://localhost/publications/journals/Journal13/1971,_:b169
http://localhost/publications/journals/Journal2/1971,_:b170
http://localhost/publications/procs/Proceeding2/1971,_:b170
http://localhost/publications/journals/Journal13/1971,_:b170
http://localhost/publications/journals/Journal2/1971,_:b171
http://localhost/publications/procs/Proceeding3/1971,_:b171
http://localhost/publications/journals/Journal13/1971,_:b171
http://localhost/publications/journals/Journal9/1972,_:b172
http://localhost/publications/journals/Journal6/1972,_:b173
http://localhost/publications/procs/Proceeding4/1972,_:b173
http://localhost/publications/journals/Journal6/1972,_:b174
http://localhost/publications/procs/Proceeding4/1972,_:b174
http://localhost/publications/journals/Journal7/1972,_:b175
http://localhost/publications/journals/Journal7/1972,_:b176
http://localhost/publications/journals/Journal7/1972,_:b177
http://localhost/publications/journals/Journal2/1972,_:b178
http://localhost/publications/journals/Journal1/1972,_:b179
http://localhost/publications/journals/Journal2/1972,_:b180
http://localhost/publications/journals/Journal1/1972,_:b181
http://localhost/publications/journals/Journal1/1972,_:b182
http://localhost/publications/procs/Proceeding1/1972,_:b183
http://localhost/publications/journals/Journal3/1972,_:b183
http://localhost/publications/procs/Proceeding1/1972,_:b184
http://localhost/publications/journals/Journal3/1972,_:b184
http://localhost/publications/journals/Journal3/1972,_:b185
http://localhost/publications/journals/Journal4/1972,_:b186
http://localhost/publications/procs/Proceeding3/1972,_:b186
http://localhost/publications/journals/Journal4/1972,_:b187
http://localhost/publications/procs/Proceeding3/1972,_:b187
http://localhost/publications/procs/Proceeding3/1972,_:b188
http://localhost/publications/journals/Journal6/1972,_:b188
