subject,predicate
http://localhost/publications/inprocs/Proceeding1/1962/Inproceeding4,dc:creator
http://localhost/publications/inprocs/Proceeding1/1971/Inproceeding10,dc:creator
http://localhost/publications/articles/Journal1/1941/Article5,dc:creator
http://localhost/publications/articles/Journal1/1947/Article10,dc:creator
http://localhost/publications/inprocs/Proceeding1/1968/Inproceeding4,dc:creator
http://localhost/publications/articles/Journal1/1945/Article8,dc:creator
http://localhost/publications/inprocs/Proceeding1/1970/Inproceeding4,dc:creator
http://localhost/publications/articles/Journal1/1941/Article1,dc:creator
http://localhost/publications/inprocs/Proceeding1/1954/Inproceeding1,dc:creator
http://localhost/publications/procs/Proceeding2/1963,swrc:editor
http://localhost/publications/procs/Proceeding1/1961,swrc:editor
http://localhost/publications/inprocs/Proceeding1/1967/Inproceeding5,dc:creator
http://localhost/publications/inprocs/Proceeding1/1951/Inproceeding5,dc:creator
http://localhost/publications/inprocs/Proceeding1/1957/Inproceeding8,dc:creator
http://localhost/publications/inprocs/Proceeding1/1953/Inproceeding10,dc:creator
http://localhost/publications/inprocs/Proceeding1/1965/Inproceeding3,dc:creator
http://localhost/publications/inprocs/Proceeding1/1970/Inproceeding2,dc:creator
http://localhost/publications/inprocs/Proceeding1/1956/Inproceeding7,dc:creator
http://localhost/publications/inprocs/Proceeding1/1971/Inproceeding5,dc:creator
http://localhost/publications/articles/Journal1/1945/Article10,dc:creator
http://localhost/publications/inprocs/Proceeding1/1963/Inproceeding8,dc:creator
http://localhost/publications/inprocs/Proceeding1/1964/Inproceeding4,dc:creator
http://localhost/publications/inprocs/Proceeding1/1958/Inproceeding6,dc:creator
http://localhost/publications/inprocs/Proceeding1/1958/Inproceeding8,dc:creator
http://localhost/publications/inprocs/Proceeding1/1966/Inproceeding2,dc:creator
http://localhost/publications/procs/Proceeding2/1961,swrc:editor
http://localhost/publications/inprocs/Proceeding1/1951/Inproceeding10,dc:creator
http://localhost/publications/articles/Journal1/1945/Article1,dc:creator
http://localhost/publications/articles/Journal1/1947/Article4,dc:creator
http://localhost/publications/inprocs/Proceeding1/1960/Inproceeding1,dc:creator
http://localhost/publications/inprocs/Proceeding1/1962/Inproceeding2,dc:creator
http://localhost/publications/inprocs/Proceeding1/1968/Inproceeding3,dc:creator
http://localhost/publications/inprocs/Proceeding1/1958/Inproceeding4,dc:creator
http://localhost/publications/inprocs/Proceeding1/1970/Inproceeding6,dc:creator
http://localhost/publications/procs/Proceeding1/1955,swrc:editor
http://localhost/publications/inprocs/Proceeding1/1950/Inproceeding8,dc:creator
http://localhost/publications/inprocs/Proceeding1/1960/Inproceeding9,dc:creator
http://localhost/publications/inprocs/Proceeding1/1968/Inproceeding5,dc:creator
http://localhost/publications/procs/Proceeding1/1970,swrc:editor
http://localhost/publications/inprocs/Proceeding1/1961/Inproceeding8,dc:creator
http://localhost/publications/inprocs/Proceeding1/1972/Inproceeding4,dc:creator
http://localhost/publications/procs/Proceeding1/1952,swrc:editor
http://localhost/publications/inprocs/Proceeding1/1968/Inproceeding10,dc:creator
http://localhost/publications/procs/Proceeding1/1969,swrc:editor
http://localhost/publications/articles/Journal1/1948/Article2,dc:creator
http://localhost/publications/inprocs/Proceeding1/1953/Inproceeding6,dc:creator
http://localhost/publications/inprocs/Proceeding1/1957/Inproceeding1,dc:creator
http://localhost/publications/inprocs/Proceeding1/1959/Inproceeding10,dc:creator
http://localhost/publications/articles/Journal1/1943/Article8,dc:creator
http://localhost/publications/articles/Journal1/1941/Article6,dc:creator
http://localhost/publications/articles/Journal1/1944/Article2,dc:creator
http://localhost/publications/inprocs/Proceeding1/1951/Inproceeding4,dc:creator
http://localhost/publications/inprocs/Proceeding1/1951/Inproceeding6,dc:creator
http://localhost/publications/inprocs/Proceeding1/1952/Inproceeding3,dc:creator
http://localhost/publications/articles/Journal1/1949/Article5,dc:creator
http://localhost/publications/inprocs/Proceeding1/1970/Inproceeding7,dc:creator
http://localhost/publications/articles/Journal1/1944/Article8,dc:creator
http://localhost/publications/articles/Journal1/1945/Article7,dc:creator
http://localhost/publications/inprocs/Proceeding1/1950/Inproceeding7,dc:creator
http://localhost/publications/inprocs/Proceeding1/1953/Inproceeding3,dc:creator
http://localhost/publications/inprocs/Proceeding1/1959/Inproceeding8,dc:creator
http://localhost/publications/inprocs/Proceeding1/1971/Inproceeding4,dc:creator
http://localhost/publications/inprocs/Proceeding1/1972/Inproceeding9,dc:creator
http://localhost/publications/articles/Journal1/1943/Article4,dc:creator
http://localhost/publications/inprocs/Proceeding1/1958/Inproceeding5,dc:creator
http://localhost/publications/procs/Proceeding2/1966,swrc:editor
http://localhost/publications/articles/Journal1/1940/Article4,dc:creator
http://localhost/publications/inprocs/Proceeding1/1965/Inproceeding6,dc:creator
http://localhost/publications/procs/Proceeding1/1951,swrc:editor
http://localhost/publications/procs/Proceeding2/1967,swrc:editor
http://localhost/publications/articles/Journal1/1948/Article3,dc:creator
http://localhost/publications/inprocs/Proceeding1/1958/Inproceeding1,dc:creator
http://localhost/publications/inprocs/Proceeding1/1961/Inproceeding9,dc:creator
http://localhost/publications/articles/Journal1/1944/Article7,dc:creator
http://localhost/publications/inprocs/Proceeding1/1962/Inproceeding6,dc:creator
http://localhost/publications/inprocs/Proceeding1/1964/Inproceeding1,dc:creator
http://localhost/publications/procs/Proceeding2/1968,swrc:editor
http://localhost/publications/articles/Journal1/1940/Article1,dc:creator
http://localhost/publications/articles/Journal1/1940/Article6,dc:creator
http://localhost/publications/articles/Journal1/1943/Article9,dc:creator
http://localhost/publications/inprocs/Proceeding1/1955/Inproceeding10,dc:creator
http://localhost/publications/inprocs/Proceeding1/1963/Inproceeding6,dc:creator
http://localhost/publications/procs/Proceeding1/1962,swrc:editor
http://localhost/publications/procs/Proceeding2/1965,swrc:editor
http://localhost/publications/articles/Journal1/1943/Article5,dc:creator
http://localhost/publications/articles/Journal1/1944/Article9,dc:creator
http://localhost/publications/inprocs/Proceeding1/1950/Inproceeding5,dc:creator
http://localhost/publications/articles/Journal1/1946/Article2,dc:creator
http://localhost/publications/inprocs/Proceeding1/1957/Inproceeding7,dc:creator
http://localhost/publications/inprocs/Proceeding1/1959/Inproceeding3,dc:creator
http://localhost/publications/inprocs/Proceeding1/1970/Inproceeding10,dc:creator
http://localhost/publications/inprocs/Proceeding1/1960/Inproceeding5,dc:creator
http://localhost/publications/articles/Journal1/1944/Article6,dc:creator
http://localhost/publications/inprocs/Proceeding1/1952/Inproceeding9,dc:creator
http://localhost/publications/articles/Journal1/1941/Article3,dc:creator
http://localhost/publications/articles/Journal1/1947/Article2,dc:creator
http://localhost/publications/inprocs/Proceeding1/1963/Inproceeding10,dc:creator
http://localhost/publications/articles/Journal1/1940/Article2,dc:creator
http://localhost/publications/articles/Journal1/1947/Article7,dc:creator
http://localhost/publications/inprocs/Proceeding1/1961/Inproceeding5,dc:creator
http://localhost/publications/inprocs/Proceeding1/1961/Inproceeding10,dc:creator
http://localhost/publications/articles/Journal1/1943/Article7,dc:creator
http://localhost/publications/inprocs/Proceeding1/1971/Inproceeding9,dc:creator
http://localhost/publications/articles/Journal1/1949/Article1,dc:creator
http://localhost/publications/articles/Journal1/1949/Article8,dc:creator
http://localhost/publications/inprocs/Proceeding1/1966/Inproceeding5,dc:creator
http://localhost/publications/articles/Journal1/1947/Article1,dc:creator
http://localhost/publications/articles/Journal1/1947/Article6,dc:creator
http://localhost/publications/articles/Journal1/1949/Article10,dc:creator
http://localhost/publications/inprocs/Proceeding1/1969/Inproceeding10,dc:creator
http://localhost/publications/articles/Journal1/1946/Article10,dc:creator
http://localhost/publications/inprocs/Proceeding1/1955/Inproceeding8,dc:creator
http://localhost/publications/inprocs/Proceeding1/1959/Inproceeding4,dc:creator
http://localhost/publications/inprocs/Proceeding1/1966/Inproceeding3,dc:creator
http://localhost/publications/articles/Journal1/1940/Article10,dc:creator
http://localhost/publications/articles/Journal1/1949/Article3,dc:creator
http://localhost/publications/inprocs/Proceeding1/1954/Inproceeding2,dc:creator
http://localhost/publications/inprocs/Proceeding1/1968/Inproceeding6,dc:creator
http://localhost/publications/inprocs/Proceeding1/1968/Inproceeding1,dc:creator
http://localhost/publications/articles/Journal1/1946/Article3,dc:creator
http://localhost/publications/articles/Journal1/1948/Article1,dc:creator
http://localhost/publications/inprocs/Proceeding1/1957/Inproceeding10,dc:creator
http://localhost/publications/inprocs/Proceeding1/1957/Inproceeding3,dc:creator
http://localhost/publications/articles/Journal1/1942/Article5,dc:creator
http://localhost/publications/inprocs/Proceeding1/1962/Inproceeding7,dc:creator
http://localhost/publications/inprocs/Proceeding1/1969/Inproceeding3,dc:creator
http://localhost/publications/inprocs/Proceeding1/1951/Inproceeding1,dc:creator
http://localhost/publications/inprocs/Proceeding1/1970/Inproceeding3,dc:creator
http://localhost/publications/procs/Proceeding1/1950,swrc:editor
http://localhost/publications/articles/Journal1/1940/Article9,dc:creator
http://localhost/publications/articles/Journal1/1942/Article3,dc:creator
http://localhost/publications/articles/Journal1/1946/Article9,dc:creator
http://localhost/publications/inprocs/Proceeding1/1955/Inproceeding1,dc:creator
http://localhost/publications/inprocs/Proceeding1/1969/Inproceeding7,dc:creator
http://localhost/publications/articles/Journal1/1946/Article6,dc:creator
http://localhost/publications/inprocs/Proceeding1/1966/Inproceeding4,dc:creator
http://localhost/publications/inprocs/Proceeding1/1967/Inproceeding1,dc:creator
http://localhost/publications/procs/Proceeding2/1959,swrc:editor
http://localhost/publications/inprocs/Proceeding1/1967/Inproceeding3,dc:creator
http://localhost/publications/inprocs/Proceeding1/1957/Inproceeding9,dc:creator
http://localhost/publications/inprocs/Proceeding1/1961/Inproceeding2,dc:creator
http://localhost/publications/inprocs/Proceeding1/1963/Inproceeding5,dc:creator
http://localhost/publications/inprocs/Proceeding1/1966/Inproceeding10,dc:creator
http://localhost/publications/inprocs/Proceeding1/1958/Inproceeding3,dc:creator
http://localhost/publications/inprocs/Proceeding1/1960/Inproceeding3,dc:creator
http://localhost/publications/inprocs/Proceeding1/1967/Inproceeding2,dc:creator
http://localhost/publications/articles/Journal1/1944/Article1,dc:creator
http://localhost/publications/procs/Proceeding1/1957,swrc:editor
http://localhost/publications/procs/Proceeding1/1953,swrc:editor
http://localhost/publications/inprocs/Proceeding1/1951/Inproceeding7,dc:creator
http://localhost/publications/articles/Journal1/1941/Article9,dc:creator
http://localhost/publications/inprocs/Proceeding1/1955/Inproceeding7,dc:creator
http://localhost/publications/inprocs/Proceeding1/1952/Inproceeding10,dc:creator
http://localhost/publications/articles/Journal1/1942/Article4,dc:creator
http://localhost/publications/articles/Journal1/1944/Article3,dc:creator
http://localhost/publications/inprocs/Proceeding1/1956/Inproceeding1,dc:creator
http://localhost/publications/articles/Journal1/1944/Article10,dc:creator
http://localhost/publications/inprocs/Proceeding1/1955/Inproceeding6,dc:creator
http://localhost/publications/inprocs/Proceeding1/1966/Inproceeding6,dc:creator
http://localhost/publications/articles/Journal1/1943/Article2,dc:creator
http://localhost/publications/inprocs/Proceeding1/1958/Inproceeding2,dc:creator
http://localhost/publications/inprocs/Proceeding1/1959/Inproceeding9,dc:creator
http://localhost/publications/inprocs/Proceeding1/1962/Inproceeding3,dc:creator
http://localhost/publications/inprocs/Proceeding1/1951/Inproceeding2,dc:creator
http://localhost/publications/inprocs/Proceeding1/1964/Inproceeding7,dc:creator
http://localhost/publications/procs/Proceeding1/1959,swrc:editor
http://localhost/publications/inprocs/Proceeding1/1972/Inproceeding7,dc:creator
http://localhost/publications/procs/Proceeding1/1954,swrc:editor
http://localhost/publications/inprocs/Proceeding1/1972/Inproceeding8,dc:creator
http://localhost/publications/inprocs/Proceeding1/1952/Inproceeding5,dc:creator
http://localhost/publications/inprocs/Proceeding1/1969/Inproceeding1,dc:creator
http://localhost/publications/inprocs/Proceeding1/1971/Inproceeding8,dc:creator
http://localhost/publications/articles/Journal1/1943/Article10,dc:creator
http://localhost/publications/inprocs/Proceeding1/1958/Inproceeding9,dc:creator
http://localhost/publications/inprocs/Proceeding1/1963/Inproceeding4,dc:creator
http://localhost/publications/procs/Proceeding2/1958,swrc:editor
http://localhost/publications/articles/Journal1/1940/Article5,dc:creator
http://localhost/publications/articles/Journal1/1949/Article9,dc:creator
http://localhost/publications/articles/Journal1/1948/Article6,dc:creator
http://localhost/publications/inprocs/Proceeding1/1966/Inproceeding7,dc:creator
http://localhost/publications/articles/Journal1/1945/Article3,dc:creator
http://localhost/publications/inprocs/Proceeding1/1956/Inproceeding6,dc:creator
http://localhost/publications/inprocs/Proceeding1/1960/Inproceeding2,dc:creator
http://localhost/publications/procs/Proceeding1/1958,swrc:editor
http://localhost/publications/inprocs/Proceeding1/1955/Inproceeding2,dc:creator
http://localhost/publications/inprocs/Proceeding1/1964/Inproceeding6,dc:creator
http://localhost/publications/procs/Proceeding1/1966,swrc:editor
http://localhost/publications/inprocs/Proceeding1/1953/Inproceeding8,dc:creator
http://localhost/publications/inprocs/Proceeding1/1972/Inproceeding6,dc:creator
http://localhost/publications/inprocs/Proceeding1/1952/Inproceeding2,dc:creator
http://localhost/publications/articles/Journal1/1943/Article3,dc:creator
http://localhost/publications/articles/Journal1/1942/Article6,dc:creator
http://localhost/publications/inprocs/Proceeding1/1960/Inproceeding7,dc:creator
http://localhost/publications/articles/Journal1/1948/Article5,dc:creator
http://localhost/publications/inprocs/Proceeding1/1953/Inproceeding4,dc:creator
http://localhost/publications/inprocs/Proceeding1/1961/Inproceeding1,dc:creator
http://localhost/publications/articles/Journal1/1948/Article7,dc:creator
http://localhost/publications/inprocs/Proceeding1/1953/Inproceeding5,dc:creator
http://localhost/publications/articles/Journal1/1948/Article9,dc:creator
http://localhost/publications/inprocs/Proceeding1/1960/Inproceeding6,dc:creator
http://localhost/publications/inprocs/Proceeding1/1954/Inproceeding4,dc:creator
http://localhost/publications/articles/Journal1/1945/Article2,dc:creator
http://localhost/publications/inprocs/Proceeding1/1970/Inproceeding1,dc:creator
http://localhost/publications/procs/Proceeding1/1960,swrc:editor
http://localhost/publications/articles/Journal1/1942/Article8,dc:creator
http://localhost/publications/inprocs/Proceeding1/1950/Inproceeding2,dc:creator
http://localhost/publications/inprocs/Proceeding1/1967/Inproceeding10,dc:creator
http://localhost/publications/inprocs/Proceeding1/1971/Inproceeding1,dc:creator
http://localhost/publications/inprocs/Proceeding1/1950/Inproceeding10,dc:creator
http://localhost/publications/inprocs/Proceeding1/1965/Inproceeding10,dc:creator
http://localhost/publications/inprocs/Proceeding1/1951/Inproceeding8,dc:creator
http://localhost/publications/inprocs/Proceeding1/1952/Inproceeding8,dc:creator
http://localhost/publications/inprocs/Proceeding1/1951/Inproceeding9,dc:creator
http://localhost/publications/inprocs/Proceeding1/1966/Inproceeding8,dc:creator
http://localhost/publications/inprocs/Proceeding1/1967/Inproceeding6,dc:creator
http://localhost/publications/inprocs/Proceeding1/1963/Inproceeding9,dc:creator
http://localhost/publications/inprocs/Proceeding1/1972/Inproceeding2,dc:creator
http://localhost/publications/inprocs/Proceeding1/1972/Inproceeding3,dc:creator
http://localhost/publications/articles/Journal1/1941/Article2,dc:creator
http://localhost/publications/inprocs/Proceeding1/1969/Inproceeding6,dc:creator
http://localhost/publications/procs/Proceeding1/1963,swrc:editor
http://localhost/publications/articles/Journal1/1946/Article7,dc:creator
http://localhost/publications/articles/Journal1/1949/Article2,dc:creator
http://localhost/publications/inprocs/Proceeding1/1972/Inproceeding5,dc:creator
http://localhost/publications/inprocs/Proceeding1/1968/Inproceeding8,dc:creator
http://localhost/publications/inprocs/Proceeding1/1971/Inproceeding7,dc:creator
http://localhost/publications/inprocs/Proceeding1/1967/Inproceeding9,dc:creator
http://localhost/publications/articles/Journal1/1941/Article4,dc:creator
http://localhost/publications/inprocs/Proceeding1/1954/Inproceeding9,dc:creator
http://localhost/publications/inprocs/Proceeding1/1957/Inproceeding5,dc:creator
http://localhost/publications/articles/Journal1/1942/Article1,dc:creator
http://localhost/publications/inprocs/Proceeding1/1959/Inproceeding6,dc:creator
http://localhost/publications/inprocs/Proceeding1/1962/Inproceeding5,dc:creator
http://localhost/publications/inprocs/Proceeding1/1971/Inproceeding2,dc:creator
http://localhost/publications/articles/Journal1/1943/Article1,dc:creator
http://localhost/publications/inprocs/Proceeding1/1957/Inproceeding2,dc:creator
http://localhost/publications/inprocs/Proceeding1/1959/Inproceeding7,dc:creator
http://localhost/publications/inprocs/Proceeding1/1962/Inproceeding1,dc:creator
http://localhost/publications/inprocs/Proceeding1/1962/Inproceeding8,dc:creator
http://localhost/publications/inprocs/Proceeding1/1964/Inproceeding10,dc:creator
http://localhost/publications/procs/Proceeding2/1962,swrc:editor
http://localhost/publications/inprocs/Proceeding1/1968/Inproceeding9,dc:creator
http://localhost/publications/articles/Journal1/1945/Article9,dc:creator
http://localhost/publications/inprocs/Proceeding1/1969/Inproceeding4,dc:creator
http://localhost/publications/procs/Proceeding2/1972,swrc:editor
http://localhost/publications/inprocs/Proceeding1/1956/Inproceeding4,dc:creator
http://localhost/publications/procs/Proceeding1/1968,swrc:editor
http://localhost/publications/articles/Journal1/1944/Article5,dc:creator
http://localhost/publications/inprocs/Proceeding1/1969/Inproceeding9,dc:creator
http://localhost/publications/articles/Journal1/1940/Article7,dc:creator
http://localhost/publications/articles/Journal1/1947/Article3,dc:creator
http://localhost/publications/inprocs/Proceeding1/1953/Inproceeding7,dc:creator
http://localhost/publications/procs/Proceeding1/1971,swrc:editor
http://localhost/publications/inprocs/Proceeding1/1960/Inproceeding8,dc:creator
http://localhost/publications/inprocs/Proceeding1/1969/Inproceeding2,dc:creator
http://localhost/publications/procs/Proceeding1/1956,swrc:editor
http://localhost/publications/inprocs/Proceeding1/1954/Inproceeding10,dc:creator
http://localhost/publications/articles/Journal1/1942/Article10,dc:creator
http://localhost/publications/inprocs/Proceeding1/1971/Inproceeding6,dc:creator
http://localhost/publications/articles/Journal1/1949/Article4,dc:creator
http://localhost/publications/inprocs/Proceeding1/1959/Inproceeding2,dc:creator
http://localhost/publications/inprocs/Proceeding1/1968/Inproceeding7,dc:creator
http://localhost/publications/articles/Journal1/1948/Article4,dc:creator
http://localhost/publications/articles/Journal1/1949/Article7,dc:creator
http://localhost/publications/inprocs/Proceeding1/1969/Inproceeding8,dc:creator
http://localhost/publications/procs/Proceeding2/1971,swrc:editor
http://localhost/publications/inprocs/Proceeding1/1956/Inproceeding3,dc:creator
http://localhost/publications/procs/Proceeding2/1969,swrc:editor
http://localhost/publications/articles/Journal1/1946/Article5,dc:creator
http://localhost/publications/inprocs/Proceeding1/1961/Inproceeding3,dc:creator
http://localhost/publications/inprocs/Proceeding1/1964/Inproceeding2,dc:creator
http://localhost/publications/inprocs/Proceeding1/1954/Inproceeding6,dc:creator
http://localhost/publications/inprocs/Proceeding1/1956/Inproceeding2,dc:creator
http://localhost/publications/inprocs/Proceeding1/1966/Inproceeding9,dc:creator
http://localhost/publications/inprocs/Proceeding1/1965/Inproceeding2,dc:creator
http://localhost/publications/inprocs/Proceeding1/1956/Inproceeding10,dc:creator
http://localhost/publications/articles/Journal1/1945/Article4,dc:creator
http://localhost/publications/inprocs/Proceeding1/1952/Inproceeding1,dc:creator
http://localhost/publications/inprocs/Proceeding1/1958/Inproceeding7,dc:creator
http://localhost/publications/inprocs/Proceeding1/1962/Inproceeding10,dc:creator
http://localhost/publications/articles/Journal1/1942/Article2,dc:creator
http://localhost/publications/inprocs/Proceeding1/1954/Inproceeding3,dc:creator
http://localhost/publications/inprocs/Proceeding1/1972/Inproceeding1,dc:creator
http://localhost/publications/inprocs/Proceeding1/1952/Inproceeding6,dc:creator
http://localhost/publications/inprocs/Proceeding1/1958/Inproceeding10,dc:creator
http://localhost/publications/articles/Journal1/1947/Article9,dc:creator
http://localhost/publications/inprocs/Proceeding1/1961/Inproceeding4,dc:creator
http://localhost/publications/inprocs/Proceeding1/1966/Inproceeding1,dc:creator
http://localhost/publications/inprocs/Proceeding1/1968/Inproceeding2,dc:creator
http://localhost/publications/articles/Journal1/1945/Article5,dc:creator
http://localhost/publications/articles/Journal1/1948/Article10,dc:creator
http://localhost/publications/inprocs/Proceeding1/1951/Inproceeding3,dc:creator
http://localhost/publications/inprocs/Proceeding1/1972/Inproceeding10,dc:creator
http://localhost/publications/articles/Journal1/1947/Article5,dc:creator
http://localhost/publications/articles/Journal1/1949/Article6,dc:creator
http://localhost/publications/inprocs/Proceeding1/1967/Inproceeding4,dc:creator
http://localhost/publications/inprocs/Proceeding1/1950/Inproceeding4,dc:creator
http://localhost/publications/articles/Journal1/1946/Article8,dc:creator
http://localhost/publications/procs/Proceeding1/1964,swrc:editor
http://localhost/publications/articles/Journal1/1945/Article6,dc:creator
http://localhost/publications/articles/Journal1/1947/Article8,dc:creator
http://localhost/publications/articles/Journal1/1942/Article9,dc:creator
http://localhost/publications/inprocs/Proceeding1/1963/Inproceeding3,dc:creator
http://localhost/publications/inprocs/Proceeding1/1970/Inproceeding9,dc:creator
http://localhost/publications/procs/Proceeding1/1965,swrc:editor
http://localhost/publications/articles/Journal1/1941/Article10,dc:creator
http://localhost/publications/inprocs/Proceeding1/1955/Inproceeding9,dc:creator
http://localhost/publications/procs/Proceeding2/1960,swrc:editor
http://localhost/publications/inprocs/Proceeding1/1950/Inproceeding1,dc:creator
http://localhost/publications/inprocs/Proceeding1/1957/Inproceeding6,dc:creator
http://localhost/publications/inprocs/Proceeding1/1967/Inproceeding7,dc:creator
http://localhost/publications/inprocs/Proceeding1/1963/Inproceeding7,dc:creator
http://localhost/publications/inprocs/Proceeding1/1957/Inproceeding4,dc:creator
http://localhost/publications/procs/Proceeding1/1967,swrc:editor
http://localhost/publications/articles/Journal1/1942/Article7,dc:creator
http://localhost/publications/inprocs/Proceeding1/1953/Inproceeding1,dc:creator
http://localhost/publications/inprocs/Proceeding1/1956/Inproceeding9,dc:creator
http://localhost/publications/inprocs/Proceeding1/1950/Inproceeding6,dc:creator
http://localhost/publications/inprocs/Proceeding1/1965/Inproceeding9,dc:creator
http://localhost/publications/inprocs/Proceeding1/1955/Inproceeding3,dc:creator
http://localhost/publications/inprocs/Proceeding1/1953/Inproceeding9,dc:creator
http://localhost/publications/inprocs/Proceeding1/1970/Inproceeding8,dc:creator
http://localhost/publications/inprocs/Proceeding1/1956/Inproceeding8,dc:creator
http://localhost/publications/inprocs/Proceeding1/1960/Inproceeding10,dc:creator
http://localhost/publications/articles/Journal1/1946/Article4,dc:creator
http://localhost/publications/inprocs/Proceeding1/1967/Inproceeding8,dc:creator
http://localhost/publications/inprocs/Proceeding1/1954/Inproceeding7,dc:creator
http://localhost/publications/inprocs/Proceeding1/1960/Inproceeding4,dc:creator
http://localhost/publications/inprocs/Proceeding1/1964/Inproceeding8,dc:creator
http://localhost/publications/inprocs/Proceeding1/1969/Inproceeding5,dc:creator
http://localhost/publications/inprocs/Proceeding1/1965/Inproceeding1,dc:creator
http://localhost/publications/inprocs/Proceeding1/1965/Inproceeding8,dc:creator
http://localhost/publications/inprocs/Proceeding1/1952/Inproceeding4,dc:creator
http://localhost/publications/inprocs/Proceeding1/1955/Inproceeding4,dc:creator
http://localhost/publications/inprocs/Proceeding1/1964/Inproceeding3,dc:creator
http://localhost/publications/inprocs/Proceeding1/1965/Inproceeding7,dc:creator
http://localhost/publications/inprocs/Proceeding1/1956/Inproceeding5,dc:creator
http://localhost/publications/inprocs/Proceeding1/1959/Inproceeding1,dc:creator
http://localhost/publications/procs/Proceeding1/1972,swrc:editor
http://localhost/publications/articles/Journal1/1940/Article8,dc:creator
http://localhost/publications/inprocs/Proceeding1/1954/Inproceeding8,dc:creator
http://localhost/publications/inprocs/Proceeding1/1953/Inproceeding2,dc:creator
http://localhost/publications/inprocs/Proceeding1/1959/Inproceeding5,dc:creator
http://localhost/publications/inprocs/Proceeding1/1971/Inproceeding3,dc:creator
http://localhost/publications/articles/Journal1/1943/Article6,dc:creator
http://localhost/publications/articles/Journal1/1948/Article8,dc:creator
http://localhost/publications/inprocs/Proceeding1/1964/Inproceeding5,dc:creator
http://localhost/publications/inprocs/Proceeding1/1954/Inproceeding5,dc:creator
http://localhost/publications/inprocs/Proceeding1/1955/Inproceeding5,dc:creator
http://localhost/publications/inprocs/Proceeding1/1963/Inproceeding2,dc:creator
http://localhost/publications/inprocs/Proceeding1/1965/Inproceeding4,dc:creator
http://localhost/publications/inprocs/Proceeding1/1950/Inproceeding9,dc:creator
http://localhost/publications/inprocs/Proceeding1/1963/Inproceeding1,dc:creator
http://localhost/publications/inprocs/Proceeding1/1965/Inproceeding5,dc:creator
http://localhost/publications/inprocs/Proceeding1/1952/Inproceeding7,dc:creator
http://localhost/publications/inprocs/Proceeding1/1962/Inproceeding9,dc:creator
http://localhost/publications/inprocs/Proceeding1/1961/Inproceeding7,dc:creator
http://localhost/publications/inprocs/Proceeding1/1961/Inproceeding6,dc:creator
http://localhost/publications/procs/Proceeding2/1964,swrc:editor
http://localhost/publications/articles/Journal1/1940/Article3,dc:creator
http://localhost/publications/articles/Journal1/1941/Article7,dc:creator
http://localhost/publications/articles/Journal1/1946/Article1,dc:creator
http://localhost/publications/articles/Journal1/1944/Article4,dc:creator
http://localhost/publications/inprocs/Proceeding1/1950/Inproceeding3,dc:creator
http://localhost/publications/inprocs/Proceeding1/1964/Inproceeding9,dc:creator
http://localhost/publications/articles/Journal1/1941/Article8,dc:creator
http://localhost/publications/inprocs/Proceeding1/1970/Inproceeding5,dc:creator
http://localhost/publications/procs/Proceeding2/1970,swrc:editor
