person,name
_:b6766,Peissawg April
_:b6973,Amani Stuller
_:b561,Yukako Klingbeil
_:b862,Saraswathi Knickman
_:b1940,Stacy Higuchi
_:b1996,Kynan Huckaby
_:b2660,Ashraf Hamstra
_:b3494,Ragnara Pote
_:b5073,Magdalena Cichocki
_:b5164,Teos Sandvill
_:b5468,Aliza Vicks
_:b5788,Trine Kiesz
_:b5860,Pascal Rocheleau
_:b5876,Earlene Gorbet
_:b6256,Grazyna Graefe
_:b6284,Mariella Sobran
_:b6344,Chuck Biafore
_:b6561,Zahraaa Stumpf
_:b7817,Kharesa Auton
_:b1947,Kosmas Gitter
_:b1998,Eiladar Vicente
_:b2259,Eustace Henein
_:b2820,Clarisse Todor
_:b3892,Desreta Kinnick
_:b4009,Mochihito Schilz
_:b5379,Neliuba Scammahorn
_:b5600,Shoin Dusch
_:b5738,Hirotsugu Schepp
_:b6201,Dayana Soboleski
_:b6215,Contessa Werksman
_:b305,Eshita Whitby
_:b655,Muzammil Mutter
_:b866,Adelaide Certosimo
_:b1358,Evangelina Goan
_:b1588,Esmeralda Leins
_:b2612,Silvia Jilek
_:b2675,Muhjar Laser
_:b3645,Utamuro Dousay
_:b4722,Treana Prondzinski
_:b5162,Tanija Wimpee
_:b5768,Reya Hickam
_:b5794,Beryll Raley
_:b5948,Korudon Wontor
_:b6249,Margareta Gezalyan
_:b6895,Ceris Urlanza
_:b6928,Ladina Musilli
_:b774,Liebetraud Kiddy
_:b2024,Federico Mcinerney
_:b2298,Yoshimatsu Richie
_:b2301,Jacky Gurrieri
_:b2673,Laurentius Ensminger
_:b2809,Zachary Miska
_:b3358,Dianne Sanko
_:b3901,Manolito Cantrell
_:b4503,Espen Loh
_:b4507,Jasmina Pangborn
_:b4514,Isei Gick
_:b4558,Glukeriia Trevisan
_:b4720,Lucyna Byse
_:b5740,Ching Dense
_:b6297,Floyd Nicklaus
_:b6534,Ruth Weaver
_:b447,Graziana Callabrass
_:b1804,Daba Hewlin
_:b2003,Momoru Planck
_:b2033,Chomei Chanoine
_:b2598,Penny Sarconi
_:b2628,Bratromila Eshelman
_:b3906,Mutlaq Gerfin
_:b4129,Liuthild Acors
_:b4480,Domeng Bascombe
_:b5515,Arundhati Malovich
_:b6035,Fumimaro Pompei
_:b6377,Vlcena Cravy
_:b7784,Zuhra Shellum
_:b439,Yuka Heikes
_:b789,Richika Cokeley
_:b898,Annnees Kain
_:b1964,Adrik Ollhoff
_:b2307,Humberto Simms
_:b2641,Mubarak Cackett
_:b3064,Jamero Dambra
_:b3088,Adolf Milonas
_:b3521,Trevion Harewood
_:b4017,Laasya Kruegel
_:b4152,Gutta Arenos
_:b4766,Felicidade Kothari
_:b4900,Hoshiko Kachikian
_:b4934,Bezui Beeker
_:b5798,Taneya Crosswell
_:b427,Benignus Diec
_:b1018,Ethelgard Karpinsky
_:b1313,Trenton Pfrogner
_:b1515,Hiroya Tuman
_:b1702,Nanmadol Walgren
_:b2266,Galenka Eichberg
_:b3298,Delwyn Campus
_:b3356,Botan Loretto
_:b3644,Fita Divito
_:b4947,Candida Eld
_:b5529,Salbatora Nagode
_:b1336,Nostasia Gutzler
_:b2019,Remi Surman
_:b2620,Cali Sibrel
_:b2812,Yama Shbi
_:b3010,Seung Puchalski
_:b3034,Shaheera Thimmesch
_:b3990,Alys Boedecker
_:b4027,Athansios Svendsen
_:b4154,Pelias Turbeville
_:b4157,Llyr Denning
_:b5180,Anjana Tews
_:b5780,Luigi Peale
_:b6969,Grigorevna Wiegard
_:b529,Lishka Turton
_:b1008,Trpena Tilman
_:b3641,Domona Serafine
_:b4144,Nediva Grasse
_:b4730,Amyneddgar Gluszek
_:b5222,Takola Sciera
_:b5446,Foimina Yardley
_:b5573,Adelind Carina
_:b6240,PoIlux Roblee
_:b6345,Allecra Musil
_:b6379,Taysuke Llanes
_:b7768,Tinesha Lindell
_:b430,Dashay Stclair
_:b541,Janeka Hochhalter
_:b765,Aamurie Semonick
_:b1287,Bevyn Rinaudo
_:b1493,Haarith Santheson
_:b1501,Abbigale Ingold
_:b2616,Ilas Calabretta
_:b3227,Concordia Dennington
_:b787,Ayushmati Appelgren
_:b960,Ingobert Soprych
_:b1731,Ambrocio Litten
_:b1739,Noach Goodard
_:b1943,Gorane Piermarini
_:b2653,Sotaro Charlesworth
_:b3539,Ludwig Kapitula
_:b4042,Ulrich Mainetti
_:b4190,Laetitita Vannorsdell
_:b4532,Gorsedd Caddle
_:b4712,Sbastien Situ
_:b6273,Sascha Schlecter
_:b345,Conchetta Cater
_:b1469,Girija May
_:b3247,Leyla Sarna
_:b4194,Clifford Gabbard
_:b4512,Isakova Bramasco
_:b4565,Shandrice Delanuez
_:b4814,Nisi Mander
_:b5192,Gernot Gasparino
_:b5476,Wido Hitzler
_:b5886,Nicolas Paszkiewicz
_:b6262,Giasem Wagner
_:b6822,Ontonia Labog
_:b1792,Godrell Standefer
_:b2235,Tany Michalak
_:b2692,Powell Odaniel
_:b3093,Pirmin Goulart
_:b3308,Semyon Kloeker
_:b4792,Dominic Coultas
_:b5391,Maximin Buress
_:b5720,Tanyu Oetzel
_:b6930,Toshikuni Sumlar
_:b1564,Naasiruddeen Knotowicz
_:b2238,Khristine Waddoups
_:b2615,Elieis Brazzi
_:b3050,Silke Chiaramonte
_:b4547,Dione Sozio
_:b4906,Reina Dederich
_:b4922,Niklas Rusert
_:b6263,Thad Megraw
_:b6275,Crotilda Gleim
_:b7770,Kazuhiro Whisler
_:b7838,Epeius Daher
_:b443,Nonna Laplaunt
_:b830,Tavio Callen
_:b1332,Sadaharu Ulanski
_:b1366,Hanne Wirsing
_:b1944,Kamryn Tuffin
_:b2262,Kumari Milholland
_:b2824,Plutus Living
_:b5247,Hansini Kanjirathinga
_:b7823,Tony Birdsell
_:b647,Ebizo Mincher
_:b777,Ulia Kaines
_:b1505,Zeno Scheppe
_:b1574,Amalea Meyering
_:b1936,Emmy Lowrey
_:b2252,Cadyryeith Sud
_:b2682,Gracilyn Longhofer
_:b3067,Oria Outten
_:b3314,Rochelle Gutter
_:b3950,Jody Headlee
_:b4828,Goulislava Granlund
_:b4930,Tehani Donegan
_:b5866,Qoli Yarosh
_:b5944,Carianne Wilmer
_:b779,Lovell Nenni
_:b1983,Yoshike Zuckerberg
_:b2313,Snanduliia Rynes
_:b2677,Samantaka Allwood
_:b2827,Kaleriia Wilshusen
_:b3515,Euphemia Pippert
_:b5071,Heino Fabian
_:b5144,Bernicia Harwick
_:b5377,Devora Aberle
_:b5784,Azza Sahagian
_:b7813,Higashikuni Hagans
_:b525,Xiomara Plowe
_:b1442,Jaqueline Nassif
_:b1820,Leona Dutson
_:b1950,Hillel Catoire
_:b1958,Rosaline Musch
_:b2002,Rihaab Borglum
_:b3108,Vamco Souders
_:b4032,Holm Sauret
_:b4179,Honorine Nasalroad
_:b4530,Viachenega Ladage
_:b5142,Kynwyl Marsac
_:b5470,Zayyaan Bouyea
_:b6974,Abida Huebert
_:b7777,Dorothea Madayag
_:b7781,Daisy Khoo
_:b531,Kemina Wyke
_:b785,Johanna Buttross
_:b1291,Takuma Moncur
_:b1981,Walerian Massetti
_:b2834,Kiona Elmquist
_:b3302,Cozzie Parkhurst
_:b3312,Trista Wichmann
_:b3401,Ismni Bregon
_:b3507,Mai Karst
_:b3938,Audry Olide
_:b3949,Alcnaeon Parolini
_:b4770,Ninon Guisinger
_:b5128,Lukretia Mosho
_:b5194,Mindule Poitevint
_:b6535,Marcinek Burgard
_:b6968,Babete Stockon
_:b7837,Rati Griego
_:b968,Mimi Stremmel
_:b1004,Emong Myatt
_:b1126,Shurik Tifft
_:b2602,Cole Portwine
_:b2604,Ev Dipiano
_:b3328,Chayo Simons
_:b4175,Klivia Albery
_:b4486,Steffan Penalosa
_:b5160,Georga Chais
_:b6200,Elga Wilemon
_:b1954,Tran Andre
_:b2281,Yoshiko Zuziak
_:b2683,Abbey Fleagle
_:b4780,Sierra Brause
_:b5810,Gundel Petti
_:b7819,Yoshihide Bilden
_:b302,Deke Mirabelli
_:b892,Oda Mallahan
_:b914,Vrotsislava Bouman
_:b978,Anatolii Trader
_:b1150,Allowin Kutlu
_:b2001,Akiva Ominelli
_:b2695,Katalena Paradise
_:b3405,Dafydd Fullam
_:b4491,Shaquand Dolhon
_:b4866,Noori Whetzel
_:b5111,Martel Heiserman
_:b5152,Andreana Moncher
_:b5728,Celin Strehlow
_:b7782,Harunobu Mull
_:b7788,Cystennin Holtzen
_:b7815,Toro Hinderer
_:b437,Zarek Laasaga
_:b916,Miyazaki Saborio
_:b1460,Shigemori Kurk
_:b1775,Ed Oroz
_:b2293,Svetokhna Bayley
_:b2650,Nira Shone
_:b3047,Bae Verzi
_:b3637,Demetrios Gascon
_:b4167,Afraah Treon
_:b4564,Tito Beloff
_:b4573,Goran Brasswell
_:b5567,Estevan Olufson
_:b5718,Rosette Delre
_:b6216,Groza Kadle
_:b6923,Shafeeq Loury
_:b361,Ran Rubendall
_:b972,Raktavira Danforth
_:b1800,Andenon Shomin
_:b2023,Ecatrinna Siebens
_:b3065,Abelando Rodinson
_:b3074,Ananti Manriquez
_:b3084,Judge Goud
_:b3249,Friedel Strevels
_:b3296,Lauryn Bouch
_:b4908,Gloria Guiggey
_:b4916,Lilla Wasden
_:b5249,Manawydan Purkerson
_:b5716,Katai Fawley
_:b6208,Marinskaia Arnstein
_:b6225,Protesilaus Burlaza
_:b6354,Gill Lamirand
_:b1185,Arvel Tindle
_:b2697,Hiroharu Fram
_:b2815,Dalila Sadger
_:b3094,Gita Sensmeier
_:b3099,Zaahir Schlicht
_:b3213,Alda Alan
_:b3402,Raidon Perrez
_:b3547,Raven Fabeck
_:b4199,Aksinya Mckirgan
_:b4544,Korey Mizrahi
_:b5095,Norie Gierut
_:b5804,Togai Fagin
_:b6290,Kya Rueck
_:b1350,Lasil Legum
_:b1755,Clancy Greist
_:b1782,Luqmaan Dearment
_:b2013,Hananel Chowanec
_:b3374,Candy Oliger
_:b3947,Zelotes Skelley
_:b3991,Elsi Silverman
_:b4822,Britt Braner
_:b5063,Louredes Picon
_:b5864,Fabius Drish
_:b5932,Raya Hoosier
_:b6355,Sylvian Hilser
_:b1580,Desa Niez
_:b2228,Katrina Hilgers
_:b2305,Apa Skibbe
_:b3927,Raiza Olaya
_:b4595,Cira Lasorsa
_:b4784,Lite Stark
_:b4904,Edenia Mazikowski
_:b5412,Gerhild Sparacino
_:b5510,Pavla Sticklin
_:b355,Faith Neeld
_:b850,Ania Vath
_:b1173,Zenon Denes
_:b2709,Pitamaha Commerford
_:b3914,Lakasha Andruss
_:b4548,Tobei Arm
_:b6135,Olgirdovna Haws
_:b7752,Ceres Mooty
_:b1320,Binata Gonseth
_:b1682,Aine Homsher
_:b2031,Elysia Nangle
_:b2286,Matthias Armento
_:b5182,Felizian Pesantes
_:b5555,Hitoshi Rodeen
_:b5820,Rozyuka Shasteen
_:b6230,Moya Dibernardo
_:b980,Shizu Capener
_:b3953,Esinam Guier
_:b3975,Rodger Merrihew
_:b5583,Layna Parrin
_:b5648,Ichiyo Dry
_:b5762,Chanan Margaret
_:b5894,Kuntse Darvin
_:b6204,Filippiia Spueler
_:b6220,Paraskova Hodum
_:b6912,Domna Seiters
_:b339,Dondrea Crocco
_:b446,Shandee Finnicum
_:b652,Alka Groshek
_:b1489,Lita Amacker
_:b2241,Nicia Sevadjian
_:b2322,Mitsuharu Bryngelson
_:b2706,Mastoora Youngers
_:b3110,Wanda Bink
_:b3394,Danika Neundorfer
_:b4033,Kobo Agor
_:b4844,Kriemhild Backfisch
_:b846,Mastoor Windrow
_:b962,Euphrosyne Scacco
_:b1735,Edwyn Spalinger
_:b1737,Cadmon Santamaria
_:b1953,Daloris Sandstrom
_:b2004,Shuichi Predom
_:b2661,Alvarita Boitel
_:b3429,Laverna Nodurft
_:b3987,Naoki Stoliker
_:b4013,Marlon Ranmar
_:b4561,Marilu Cesa
_:b5170,Zebadiah Gansert
_:b5902,Toyotomi Meyerott
_:b6085,Joakima Lorimer
_:b6335,Twm Ryant
_:b6918,Tityus Leichner
_:b429,Gil Holben
_:b1446,Karolin Alborn
_:b1519,AbdurRahmaan Krumbein
_:b1521,Meiji Ploeger
_:b1862,Lony Bahde
_:b1951,Penina Stepro
_:b2648,Andromchi Denis
_:b2699,Freddie Passantino
_:b4150,Karmen Alemany
_:b4798,Catlyn Bubbico
_:b4949,Kaltrina Barer
_:b5490,Bozhitsa Hamper
_:b5563,Ivar Hageny
_:b6245,Almas Tony
_:b6293,Sahheeda Urtado
_:b6321,Alexio Blan
_:b780,Argus Bierwirth
_:b974,Arunima Fluet
_:b1491,Hunter Collums
_:b1956,Dafina Pendexter
_:b3056,Apolinariia Cathcart
_:b3219,Tejano Standifur
_:b3273,Helmer Carls
_:b3348,Kritanta Marello
_:b3920,Bokkai Zappavigna
_:b3956,Akai Qin
_:b4794,Zero Alsbrook
_:b5460,Dixon Contraras
_:b5466,Machiko Beckerle
_:b5608,Kristina Kenngott
_:b6340,Cristal Freeman
_:b6559,Basanti Monceaux
_:b1475,Tor Fieldman
_:b1955,Guchol Fradette
_:b2269,Minako Dombek
_:b2283,Umeka Spallina
_:b2632,Tadasu Sophy
_:b2855,Prosdoka Witucki
_:b4151,Ladona Demel
_:b5414,Cordia Vongal
_:b5533,Petronela Chaffer
_:b5640,Vontell Vanmarter
_:b5942,Jessenia Fleischhacker
_:b6352,Adhira Bainer
_:b856,Marous Payeur
_:b2272,Narumi Easley
_:b2296,Freira Sharits
_:b2613,Damen Naidoo
_:b3320,Imaad Dolman
_:b3910,Gwern Helker
_:b4570,Adalburg Crawhorn
_:b6318,Kammi Shiring
_:b7793,Peredeslava Dydell
_:b7832,Akane Sharpsteen
_:b296,Strezislava Weingard
_:b644,Donatella Doxie
_:b2029,Huda Horger
_:b4202,Hezekiah Dagraca
_:b5166,Gaudenz Vassie
_:b5482,Christian Devoid
_:b5579,Samraa Schreur
_:b6187,Gerda Schmerge
_:b6909,Agapiia Moates
_:b6914,Sidney Ackison
_:b834,Adishree Martinel
_:b3057,Priskula Kexel
_:b4038,Annemarie Raniero
_:b4566,Larisa Kammerer
_:b5704,Limone Amert
_:b784,Ayla Moncrief
_:b1688,Tinieceseia Botticello
_:b1962,Elvira Kidner
_:b3077,Caramel Canto
_:b3255,Vuyane Hallstead
_:b3980,Leonide Hickle
_:b4004,Jantel Grauer
_:b4021,Taji Rymes
_:b4584,Hisako Boike
_:b4764,Ludmila Oinonen
_:b4836,Jordynn Redstone
_:b4896,Ksenia Huckabee
_:b5668,Tea Angolo
_:b5730,Thadine Steinmann
_:b5884,Endre Horsburgh
_:b5910,Julienne Chriss
_:b6213,Suelita Volante
_:b6929,Rasheeq Zenke
_:b6936,Ronice Ouellet
_:b852,Auring Phanord
_:b966,Hasumati Cafasso
_:b1193,Vonda Jasmine
_:b2643,Albinia Heasley
_:b2830,Cecelia Merkel
_:b4864,Inke Amabile
_:b5571,Elbanco Heyliger
_:b5587,Alter Deprey
_:b5870,Ivo Reefer
_:b6922,Aboil Heersink
_:b6949,Hagen Paxman
_:b7804,Jiro Gurka
_:b648,Alonza Galyan
_:b2020,Nikolena Buckman
_:b2248,Chrysann Olding
_:b2645,Manobu Peres
_:b4169,Witoslava Mazzawi
_:b5343,Asia Mccaskell
_:b5496,Swachnina Gaul
_:b5658,Alwined Gansburg
_:b5862,Phylo Naone
_:b5960,Tamra Finco
_:b1999,Attila Laroque
_:b3909,Yerik Stefka
_:b4137,Necie Nacci
_:b4484,Asimkis Alvine
_:b4489,Abel Ivie
_:b4541,Yvette Potterson
_:b4554,Luvenia Gotter
_:b5363,Ailsa Jaussi
_:b5938,Flicien Guidotti
_:b6287,Mitsukuni Okey
_:b657,Evi Heidebrecht
_:b1181,Galla Arnzen
_:b1384,Sendong Howitt
_:b2636,Adriana Brumitt
_:b2751,Gustl Senosk
_:b2813,Ghaamid Beckfield
_:b5138,Anfusa Brittain
_:b5519,Gatha Turbe
_:b5724,Yoshiki Mayerle
_:b6950,Adolfine Burdette
_:b425,Raimund Widdowson
_:b535,Marna Crookshanks
_:b1481,Ursuel Eskind
_:b3042,Yardane Blatherwick
_:b4010,Tetsuo Hommell
_:b4159,Chico Sebron
_:b4878,Kyran Gallucci
_:b5341,Ernfriede Dabe
_:b6222,Turki Bristle
_:b6258,Nakazo Jarmon
_:b6288,Lothar Fail
_:b6898,Manda Mangine
_:b350,Loris Elder
_:b1572,Wolfrid Ramgel
_:b2753,Louisa Moats
_:b2835,Candice Manlito
_:b3503,Pirithous Hinahon
_:b3977,Irmengard Vanmiddleswor
_:b5069,Tanesa Beckert
_:b5188,Zayit Pottichen
_:b5373,Ferric Millers
_:b5593,Kyoji Gretter
_:b5642,Antoinette Boyance
_:b5674,Carlos Beresik
_:b6931,Kaitlin Crofoot
_:b7794,Scott Arviso
_:b7821,Yoshiteru Quinney
_:b778,Korotskovaia Stowell
_:b1455,Arata Soliani
_:b1747,Adam Janik
_:b3519,Kaleem Bersamin
_:b4146,Bela Sporer
_:b5200,Jeehee Bjorn
_:b5365,Lisaveta Inferrera
_:b5375,Celica Kucha
_:b6218,Emmilian Toscani
_:b6958,Inaaya Stoudmire
_:b1743,Tomiichi Licea
_:b2253,Hugh Losey
_:b2261,Immaculada Dicorcia
_:b2295,Glikeriya Wieland
_:b3225,Adrian Papetti
_:b3346,Graldine Casida
_:b3970,Helga Colding
_:b4559,Agli Barbadillo
_:b4578,Janna Peer
_:b4788,Anuprabha Tosto
_:b5224,Vladimira Erp
_:b5581,Hertwiga Simoncini
_:b5626,Ryu Caldarella
_:b6291,Chemislava Weeden
_:b6346,Angawdd Hampson
_:b6900,Ansgard Cord
_:b6905,Bonifacy Ausiello
_:b7801,Tenshin Fondren
_:b844,Olaf Mallacara
_:b1110,Immakulata Masek
_:b1452,Yulya Thammavongsa
_:b2239,Isa Harcey
_:b2254,Yngve Fellenbaum
_:b2672,Annette Latella
_:b3257,Toichi Moren
_:b4000,Delon Enriguez
_:b4132,Julianne Delaremore
_:b4509,Atsuko Showers
_:b4574,Buinton Salotti
_:b1368,Anier Boutot
_:b1794,Lori Dowers
_:b2669,Kiera Dundee
_:b3995,Karuna Mottola
_:b4187,Caswallon Sligar
_:b5140,Efi Kutt
_:b6712,Lorette Schissel
_:b3350,Bilis Arena
_:b3638,Ramziyya Uelmen
_:b3918,Rosina Drumgole
_:b3955,Felippe Desai
_:b4177,Morcan Malensek
_:b4178,Katiana Laizure
_:b5650,Tsugahara Eberwein
_:b7758,loise Bonilla
_:b7763,Vakhtina Bassler
_:b643,Kotaro Leitheiser
_:b1154,Masia Kuitu
_:b1529,Uliana Fanning
_:b1568,Faalih Neglia
_:b1992,Jasoor Debonis
_:b3332,Luella Beneuento
_:b3952,Krabava Benincase
_:b4162,German Luo
_:b4740,Shura Birrueta
_:b5218,Bogukhvala Bocklage
_:b5766,Gaspard Minutillo
_:b6324,Clotilda Jura
_:b290,Mora Christofferse
_:b836,Holda Dible
_:b1477,Gruffyn Eschborn
_:b2635,Kaazima Pavich
_:b3066,Ioan Kwit
_:b3916,Vivian Morss
_:b4868,Lena Hoek
_:b5196,Dunixi Crable
_:b5506,Evdoka Hennigan
_:b1483,Licianne Kocur
_:b2226,Jabreic Pallanes
_:b3106,Charmayne Hewgley
_:b4008,Rolando Sillas
_:b4549,Chica Eberts
_:b5774,Hokusai Owen
_:b781,Saahir Muto
_:b783,Clarinda Oberg
_:b1158,Sofeia Schmick
_:b1696,Vanechka Tardiff
_:b2658,Marla Doporto
_:b3396,Granwen Cherepy
_:b3893,Meilyg Disla
_:b4035,Placenta Pahls
_:b4490,Sol Step
_:b5075,Zerro Moneypenny
_:b5826,Tyrek Depaul
_:b5896,Banani Lucier
_:b6300,Kynon Crissey
_:b6312,Layton Palacois
_:b7798,Jyotis Bartnick
_:b2314,Risa Muninger
_:b3036,Sosa Klitz
_:b3431,Hidehira Trolinger
_:b4588,Mamiko Pillion
_:b5174,Chenka Rufe
_:b5335,Talisa Ways
_:b5760,Luigia Balla
_:b347,Lucretia Ferndez
_:b373,Adriaan Belter
_:b515,Dodie Tedford
_:b1467,Llesenia Mckusick
_:b2320,Akkios Chamberlian
_:b2689,Maajida Myart
_:b3433,Miska Hudler
_:b4510,Estefania Bocek
_:b4582,Louella Doeden
_:b4744,Jensine Boan
_:b5122,Jasra Tejeiro
_:b5124,Anette Wierenga
_:b5664,Maternus Weiszbrod
_:b6239,Llacheu Shearhart
_:b6286,Tameyoshi Sulejmanovski
_:b357,Sypovaia Wegmann
_:b359,Vladlena Tlumacki
_:b764,Bobbi Laswell
_:b1297,Tandu Miltenberger
_:b1995,Tamotsu Harth
_:b2606,Magnus Slovacek
_:b2687,Thijs Saylor
_:b3912,Agnese Bubb
_:b3973,Owin Osmond
_:b3982,Aizdiakova Liceaga
_:b4488,Termite Pawelczyk
_:b4557,Cinja Grismore
_:b6264,Evanthia Sembler
_:b1757,Coryana Pang
_:b2249,Alita Armon
_:b2652,Huyen Peppas
_:b3384,Dion Egure
_:b3978,LaTicia Peacher
_:b4212,Beppa Correa
_:b4593,Maribel Bagge
_:b5130,Egberta Esteen
_:b6376,Leonor Tuckett
_:b7756,Leron Merganthaler
_:b7769,Danila Donna
_:b7830,Simona Direnzo
_:b3253,Khrystyn Kos
_:b3549,Izabella Rackow
_:b4139,Mechthild Tweed
_:b4188,Ivano Shadburn
_:b5498,Natachia Bussell
_:b7805,Itai Pizzaro
_:b1511,Gaia Coffen
_:b1844,Aenne Gilham
_:b2278,Ulf Deline
_:b4025,Estralita Lelah
_:b4521,Spike Lanpher
_:b4552,Alvrtos Pozo
_:b5109,Doda Wier
_:b5606,Lerke Shipton
_:b5652,Ulysses Gottwald
_:b5904,Enea Herold
_:b5956,Zbina Daly
_:b6302,Gezana Proulx
_:b7776,Yong Leen
_:b858,Varun Fissori
_:b2229,Poloudnitsa Pon
_:b2625,Katheron Towns
_:b3089,Tiki Borgmeyer
_:b3090,Carine Hataway
_:b3511,Khristen Mossor
_:b3976,Dankrade Lynady
_:b4011,Ho Hutyra
_:b4846,Apurva Obrist
_:b4856,Polovinova Meringolo
_:b4888,Mallika Furia
_:b5403,Angelika Hercman
_:b5432,Carolynn Norment
_:b6231,Zeshon Tilleman
_:b6966,Dover Pilkinton
_:b545,Gisbert Tircuit
_:b1167,Gunde Tegeler
_:b2025,AbdulQuddoos Mccallie
_:b2265,Ravana Schnader
_:b4022,Gislle Gusa
_:b4518,Lafara Kronberg
_:b5228,Taekwonda Thaemert
_:b5630,Achilles Werth
_:b5770,Yonaidys Stolecki
_:b6615,Aljona Carroway
_:b640,Berakhiah Province
_:b1171,Cadman Strom
_:b1356,Jami Pacho
_:b1698,Mayo Warsing
_:b1836,Flavio Noun
_:b2318,Damario Wardle
_:b2617,Xylia Rogosky
_:b2642,Landeline Sevenbergen
_:b3039,Neal Bulinski
_:b3078,Badruddeen Blankenburg
_:b3985,Esta Kerfoot
_:b4748,Atreus Castello
_:b5422,Karel Foyer
_:b6336,Adrienne Crepps
_:b291,Shaunene Libera
_:b562,Barbie Dubonnet
_:b2599,Ellie Jolla
_:b3111,Kuni Roedel
_:b3338,Yevfrosinya Eberenz
_:b3340,Ayano Attia
_:b3368,Zane Tedrow
_:b3921,Moren Justesen
_:b3961,Komala Mathieson
_:b4492,Tomokazu Bastida
_:b4538,Zarqaa Radebaugh
_:b6195,Jess Fasel
_:b349,Gengyo Cumbass
_:b908,Ashlynn Karban
_:b976,Ariana Berardinelli
_:b1138,Alika Odgen
_:b1763,Vizelin Rodnguez
_:b2818,Shereen Khazdozian
_:b3086,Visha Affagato
_:b3294,Damae Apresa
_:b3911,Abed Agner
_:b3936,Teodors Boldon
_:b3967,Chau Nestler
_:b4555,Lopold Lobban
_:b5230,Cameo Hersman
_:b5549,Ishrat Statler
_:b5565,Benigna Ottey
_:b6709,Rhabanus Canseco
_:b6948,Aeneas Cimiano
_:b7829,Sven Kalsow
_:b1020,Dennard Lisenbee
_:b1342,Shantie Lafountain
_:b1479,Jivanta Quintania
_:b1566,Akinari Muston
_:b1700,Eszter Bones
_:b3072,Ernesto Schoonmaker
_:b4171,Tiari Canino
_:b7762,Kalindi Rodeman
_:b1130,Engelmar Quanstrum
_:b2694,Kanita Coones
_:b3054,Zyshonne Carabello
_:b4501,Serafima Marshall
_:b5537,Hideyoshi Kayler
_:b5808,Masutaro Tishler
_:b1499,Annika Forson
_:b3633,Yunlong Bouie
_:b4016,Yago Ruta
_:b4155,Ernestin Fitzen
_:b4505,Reynold Overstreet
_:b4524,Shoji Vantrump
_:b4818,Madre Lippard
_:b5369,Nekrasa Dodimead
_:b5508,Wyndolyn Kille
_:b5632,Hugo Bossley
_:b5736,Hora Ballena
_:b6924,Llundein Lafoon
_:b6970,Miho Hervert
_:b7779,Jesse Tse
_:b864,Valerius Mcconnell
_:b1979,Kiana Naughton
_:b2268,Peggy Tinneberg
_:b3048,Dobroslava Leskovec
_:b4577,Jason Gasior
_:b5958,Briddi Spargur
_:b523,Primavera Huffstickler
_:b645,Yoriko Boot
_:b1205,Radd Oldenkamp
_:b4776,Leoni Mway
_:b5339,Niksha Stutesman
_:b6904,Timon Leflar
_:b2704,Elizarova Lutgen
_:b3940,Sherece Yori
_:b5099,Benazir Berberian
_:b5357,Daevin Gibeau
_:b5484,Akeno Wion
_:b6184,Elanor Laughton
_:b6217,Gaelan Esmiol
_:b6341,Dmitrieva Nemzin
_:b304,Jazmine Susman
_:b547,Elvis Rocasah
_:b1059,Kanan Snowdon
_:b1104,Andromeda Arvez
_:b1589,Turell Bormes
_:b1769,Carsen Alescio
_:b3269,Elna Jerone
_:b3639,Amarante Welte
_:b5525,Marshall Miskiewicz
_:b5806,Yvonne Manca
_:b5874,Sumi Daniely
_:b6350,Marwa Kirchhoff
_:b6351,Carne Luczynski
_:b832,Sajag Traunfeld
_:b1352,Consolacion Lodge
_:b2925,Kasienka Keiswetter
_:b3211,Yasunobu Portera
_:b4180,Tareef Kolesnik
_:b4537,Seina Ansell
_:b5796,LaKeysha Rusten
_:b286,Terao Asley
_:b651,Christl Wortham
_:b1523,Marut Fiori
_:b1729,Ravid Laidlaw
_:b3068,Heinrika Enriques
_:b3498,Michaela Langkabel
_:b3942,Shaafia Borucki
_:b3994,Sverine Barda
_:b4019,Rananin Mashni
_:b5081,Lur Ansel
_:b5367,Gina Nicolay
_:b5492,Avinashi Schul
_:b5547,Aenna Tarbox
_:b5684,Otus Apostol
_:b6279,Acantha Fairbrother
_:b6307,Michael Brixner
_:b6903,Ojal Amorello
_:b2224,Diona Schild
_:b2279,Muntaha Petell
_:b3083,Takanibu Magobet
_:b3091,Staffan Whitting
_:b3932,Siddeeqi Eikleberry
_:b3959,Orino Gauntt
_:b3960,Taroemon Tomlinson
_:b4134,Baste Oflaherty
_:b4810,Keenan Altvater
_:b5353,Davies Athearn
_:b5742,Alysia Nemzek
_:b5772,Mufeeda Muncher
_:b6910,Chrysostom Engelstad
_:b426,Finn Carboneau
_:b1179,Sherri Kissinger
_:b3251,Luciano Harbuck
_:b3888,Diamond Wesselink
_:b3930,Ric Darville
_:b4546,Haranobu Ruf
_:b5381,Herodotus Gearin
_:b5420,Melaina Mccandliss
_:b5589,Bratrumila Christodoulou
_:b5698,Shabeeba Birkline
_:b5920,Svoda Balzarine
_:b6260,Gaynor Noonkester
_:b6533,Yagi Michalek
_:b1187,Umeko Cadriel
_:b1543,Giovana Theunissen
_:b1680,Yumako Reuer
_:b1965,Alike Winberg
_:b3382,Nabeeha Senko
_:b3634,Jokwe Thull
_:b4165,Wigbert Benhaim
_:b4528,Siena Pont
_:b4567,Christs Knapik
_:b4926,Elisabet Rother
_:b4955,Bernard Jezewski
_:b5079,Malona Frames
_:b5708,Nadjenka Tribue
_:b6301,Aabid Poissant
_:b6673,Lyuha Olona
_:b7764,Juan Dietz
_:b7810,Arvil Grieff
_:b7843,Gayatri Farren
_:b335,Ineng Alkbsh
_:b1507,Hemanti Schellhammer
_:b2026,Giovanny Schwemmer
_:b2256,Zenochka Goodhart
_:b3640,Marcellus Guercio
_:b5407,Ccilie Barrett
_:b5595,Arielle Wild
_:b5892,Reia Arndell
_:b6211,Lanka Farve
_:b6271,Koki Borgeson
_:b6331,Willy Atherley
_:b6334,Rosemary Luque
_:b896,Makayla Urry
_:b990,Ike Citarella
_:b1810,Nereus Tiffany
_:b1937,Carsandra Freehoffer
_:b3306,Celeste Beene
_:b3492,Cheryle Vanderveen
_:b3954,Alfrred Surprenant
_:b4479,Tyler Vancampen
_:b4854,Nalgae Chiprean
_:b6194,Tyree Thiede
_:b6285,Reggis Franich
_:b6425,Chandi Highfill
_:b6713,Prapiroon Sandifer
_:b663,Sophronia Peakes
_:b1364,Sad Mccuen
_:b2274,Agnes Emerson
_:b2729,Francesca Lins
_:b2926,Gerit Ferandez
_:b3896,Verochka Clarke
_:b5850,Buena Erbe
_:b6257,Crisanna Duffield
_:b6308,Tetsunori Monte
_:b7778,Dusya Babinski
_:b1118,Hisahsi Ferran
_:b2257,Lilli Sporleder
_:b2825,Ophira Haufler
_:b3288,Norihide Manassa
_:b3636,Balbara Kaltenbach
_:b3996,Pastora Blando
_:b5836,Sondra Olnick
_:b6616,Apahikeki Essency
_:b428,Heraclio Haaf
_:b1128,AbdulHaadi Castellan
_:b2258,Salbatore Sutfin
_:b2294,Amulya Raef
_:b2667,Bojana Yanish
_:b3948,Polazhitsa Alameda
_:b3993,Hiroshi Henneberger
_:b4482,Carlye Fickle
_:b4531,Nobuo Nist
_:b4540,Hedvig Pires
_:b4945,Darik Struzik
_:b6943,Aegis Leach
_:b1010,Adolfo Kick
_:b1012,Baddon Tobar
_:b1301,Augustus Inbody
_:b1727,Idoia Dicken
_:b1967,Kristie Roback
_:b1993,Acheron Kothenbeutel
_:b2308,Ikuko Harsha
_:b2668,Mihoko Sasportas
_:b3642,Tonna Gaughan
_:b5397,Gaurika Stolarski
_:b5916,Doren Vilches
_:b6558,Currito Cina
_:b6897,Hogai Ponciano
_:b448,Gualtiero Hemken
_:b2614,Trevonn Kretchmar
_:b2623,Tashana Pares
_:b3071,Gwendolin Koroch
_:b3245,Gergios Flo
_:b3407,Kyuso Mcilvenny
_:b4816,Herdi Worthen
_:b5539,Emer Filbey
_:b5638,Desdemona Kolikas
_:b527,Tera Vigen
_:b660,Ryo Zanders
_:b1840,Erhart Ewen
_:b2656,Kuniyoshi Sebold
_:b2856,Iemochi Sosebee
_:b3527,Istvan Mayville
_:b3968,Leontine Wrzesinski
_:b3971,BenAmi Rummerfield
_:b4596,Aldon Faul
_:b4898,Jimar Terwey
_:b5359,Ginebra Grahovac
_:b1057,Nandin Uribazo
_:b1285,Kai Hamara
_:b3279,Mariah Bodine
_:b3362,Cline Iwanowski
_:b5087,Misbaah Rogala
_:b5184,Kaylie Silvio
_:b6246,Griffen Crea
_:b6472,Kerstina Hadian
_:b558,Tuhfa Pedez
_:b788,Shaahir Trohanov
_:b996,Gerik Ferries
_:b1112,Bozena Tilly
_:b2315,Mami Gruger
_:b2644,Jaadallah Mullen
_:b3233,Hippolyta Hollars
_:b3310,Radoslava Vecchia
_:b3400,Dobreva Cottom
_:b5351,Ellena Jonker
_:b5922,Kuznetsova Connington
_:b7820,Neto Rosenbeck
_:b920,Addi Rinks
_:b1293,Dine Hazzard
_:b1808,Carinna Bridget
_:b1946,Ephrem Ruddle
_:b2021,Heidy Kodadek
_:b2654,Kaneie Byous
_:b3292,Kseniia Tiemann
_:b3926,Nawfa Luckenbaugh
_:b3944,Blas Revering
_:b5148,Tine Willy
_:b5778,Alexi Yarn
_:b5802,Derrick Hochstetler
_:b5868,Carla Maceachern
_:b6289,Lucilla Timbs
_:b7786,Jameela Dowell
_:b988,Junichi Hagele
_:b1753,Holdine Schuering
_:b1923,Chloe Clusky
_:b1988,Dyvyr Katra
_:b1997,Kyler Lanting
_:b3046,Yevette Alfred
_:b3076,Giovany Toliver
_:b3378,Pasqual Fonteneau
_:b3963,Farrah Kipling
_:b4043,Chyna Brittian
_:b4206,Trevian Pilch
_:b5136,Muriel Carthon
_:b5551,Shigenaga Motamed
_:b6034,Favsta Hemmann
_:b6962,Radoslaw Bartolome
_:b763,Honey Eidinger
_:b894,Dinora Beza
_:b1458,Absalom Pettitt
_:b2273,Guillelmina Bornhorst
_:b4525,Kuebra Martorell
_:b5146,Ruma Eckelman
_:b5602,Api Mall
_:b6315,Myles Salisbury
_:b445,Dores Hugi
_:b828,Evdxios Fageraes
_:b2630,Lysandra Grishaber
_:b2664,Krivulinaia Sengvilay
_:b3535,Penvro Rivenberg
_:b3965,Baltsaros Filiault
_:b4772,Agrata Caminita
_:b5557,Feria Shackett
_:b6196,Claribel Greaser
_:b295,Lucile Homola
_:b637,Alberich Dougharity
_:b658,Twain Sannon
_:b773,Clmence Diop
_:b1148,Ramonda Tripplett
_:b1531,Keisuke Jager
_:b1558,Aintzane Lurry
_:b1576,Daunte Marn
_:b2680,Maddoc Jakobson
_:b3287,Leonilla Corria
_:b3894,Quedan Bauerlein
_:b3941,Naho Currens
_:b4882,Skameikina Rayne
_:b5612,Cade Cregger
_:b638,Julika Smar
_:b1784,Nakamaro Zinkievich
_:b2017,Rosanjin Cush
_:b2277,Yanire Holdridge
_:b3040,Alvar Whitegoat
_:b3043,Timandra Euvrard
_:b3097,Hinica Mosman
_:b5480,Kemen Rivel
_:b5628,Harini Voong
_:b5818,Kylee Brickey
_:b5936,Jordon Hamb
_:b5954,Tania Sanpedro
_:b6945,Hannelore Zebel
_:b1197,Traci Erazmus
_:b1303,Kirk Faron
_:b1451,Hamna Borzillo
_:b1578,Ricki Alejo
_:b2236,Ekanta Speros
_:b3095,Robyn Chandrasekhar
_:b4589,Agathi Grune
_:b6380,Sheldon Beas
_:b7833,Moke Bolliger
_:b1169,LaKendria Rimi
_:b1295,Takuya Kedia
_:b1328,Keizo Barratt
_:b1463,Laomedon Sotos
_:b1545,Peadair Lann
_:b1550,Lolita Henniger
_:b1759,Wendy Rae
_:b1771,Bhuvi Lavell
_:b2663,Jezebel Cuadra
_:b3889,Harshal Bocook
_:b4485,Paquita Borgatti
_:b5585,Rikki Bartlebaugh
_:b5840,Humaidaan Muinos
_:b5858,Mascha Xander
_:b6319,Burghilde Lucus
_:b6320,Horiuchi Oby
_:b6828,Aloki Chawla
_:b365,Sabina Conde
_:b1000,Kurt Stas
_:b1175,Macky Matejka
_:b1456,Donetta Crinklaw
_:b1487,Eumaeus Druvenga
_:b1542,Pacho Stahlnecker
_:b1741,Deianira Laflin
_:b2686,Ragnar Coler
_:b3079,Adelina Pobanz
_:b3989,Lutwin Lujano
_:b4493,Kina Lasley
_:b4732,Tiberio Lakner
_:b5208,Teha Cordts
_:b5812,Patricia Hignite
_:b6198,Korotkaia Jesse
_:b6614,Rafeeda Tierce
_:b7759,Talitha Mcevoy
_:b7771,Timothy Borroto
_:b1440,Demidova Hautamaki
_:b2626,Pumeet Jamir
_:b3082,Rostislava Shelling
_:b5355,Trevelyan Belitz
_:b371,Mamie Howen
_:b649,Stopolcha Starowicz
_:b1340,Glikeriia Mushrush
_:b4550,Callie Bergo
_:b4562,Kyoden Khatak
_:b4850,Alameda Scavuzzo
_:b5172,Aloys Jaksic
_:b431,Yoyon Lecroy
_:b761,Seinosuke Grimaldi
_:b1108,Ovidio Bostrom
_:b1136,Krispin Macnamee
_:b1318,Gillian Onifade
_:b1324,Chynica Whisenton
_:b1330,Mamoon Gehrmann
_:b1765,Conrado Luzader
_:b2608,Waseef Lulow
_:b4030,AbdulGhani Patao
_:b4040,Shigematsu Andrson
_:b4192,Mele Abbadessa
_:b4726,Florentina Weitz
_:b4808,Sixtus Turbyfill
_:b4852,Ksanochka Servin
_:b4932,Shinichi Formichelli
_:b4967,Heimke Behan
_:b5504,YoLanda Whidbee
_:b7836,Aayesha Cappelletti
_:b1773,Mitchell Maslak
_:b1952,Mitsu Kerbs
_:b2752,Vetenega Kirkpatrick
_:b3055,Taige Hirz
_:b3285,Filiberto Grboyan
_:b3523,Svakhna Kirch
_:b3900,Seki Eilert
_:b4848,Tanosuke Renninger
_:b5233,Bevin Robichau
_:b5486,Bhavini Bushovisky
_:b6470,Czeimislawa Cambronne
_:b6953,Farha Carolan
_:b1453,Leanna Marxen
_:b2034,Manabu Goettl
_:b4012,Plexippus Regino
_:b4200,Sveisla Mineau
_:b5832,Sovandara Kelm
_:b6252,Maurilio Mentnech
_:b6378,Nirawan Heintz
_:b7812,Ellis Dugay
_:b2678,Gwendolen Bardon
_:b3427,Atmaja Mouser
_:b5512,Tsuneo Klimaszewski
_:b7834,Cori Gyurko
_:b289,Leonora Peli
_:b1002,Diomedes Raisley
_:b1989,Boas Salimas
_:b2659,Sanson Litteer
_:b2698,Dilara Sawinski
_:b3386,Eitoku Easlick
_:b4006,Tatsa Nasca
_:b4495,Estevon Barsalou
_:b4894,Chiudka Pryor
_:b5644,Haala Montonez
_:b6137,Gonkuro Harless
_:b6310,Estefana Reitan
_:b6333,Lianne Dubbert
_:b6894,Paige Organek
_:b7747,Aloisius Pieretti
_:b7828,Warwick Vanderloo
_:b970,Aiden Greis
_:b1191,Jumail Rothschild
_:b1694,Selianka Mansker
_:b1704,Mamelfa Learned
_:b2627,Holly Scierka
_:b2691,Sahan Laprete
_:b2822,Bendigeidfran Knake
_:b2833,Antonino Larowe
_:b3289,Puna Gerking
_:b4026,Maximino Shullick
_:b4196,Joselyn Gozman
_:b4542,Knikki Berta
_:b4569,Bathsheba Okuley
_:b5934,Kwamie Ormes
_:b6086,Aloysha Rubel
_:b1309,Kara Shuttlesworth
_:b1457,Naaila Lura
_:b1961,Eilika Cairone
_:b3237,Gervasius Detaeye
_:b3891,Takeru Ogara
_:b3935,Petter Rusu
_:b4826,Ovdiukha Spinola
_:b5458,Khaleefa Stumph
_:b6212,Chanoch Triano
_:b6292,Fanni Keicher
_:b6294,Evzen Klepac
_:b553,Razan Symons
_:b912,Bailey Houseal
_:b2323,AbdurRaqeeb Aylor
_:b2666,Taamira Yeomans
_:b3037,Sophie Orbison
_:b3509,Orland Beneker
_:b3635,Pankratius Spath
_:b4020,Frieda Campagna
_:b4213,Sabra Degeare
_:b5488,Sada Cabellero
_:b5880,Lazarus Karstens
_:b6248,Gnegon Peeples
_:b6305,Gwyn Pinchock
_:b7802,Rifqa Murrie
_:b557,Vincenzo Baptist
_:b766,Florentyna Cost
_:b994,Boguslava Lamay
_:b1053,Detana Trautz
_:b1948,Ilona Geddings
_:b2707,Achmed Gubser
_:b2828,Naosuke Truss
_:b3366,Lyutsiana Magistrale
_:b3415,Branwen Ratz
_:b3887,Cheri Dantes
_:b4158,Fae Tison
_:b4576,Katuscha Manter
_:b4579,Starr Compton
_:b6188,Monika Dulkis
_:b6281,Ikemoto Placino
_:b6426,Hisano Hrabal
_:b7806,Arminius Cozier
_:b379,Fikriyya Siddiq
_:b659,Wrata Breier
_:b1189,Agislaos Lamoreaux
_:b2823,Dyllon Duncil
_:b3053,Irmingard Normann
_:b3988,Blanda Mazzucco
_:b4037,Zakharia Serratore
_:b4834,Reinhard Dove
_:b5690,Nao Brender
_:b6197,Donnalyn Wilhelmi
_:b6235,Emmett Knoepfler
_:b6328,Giselle Duval
_:b639,Garrett Blair
_:b992,Fajyaz Mutana
_:b1824,Grunya Keeran
_:b2624,Agafokliia Cheatum
_:b2693,Simon Rockenbaugh
_:b3012,Torre Storts
_:b3263,Pavlya Buanno
_:b4136,Leonie Lentine
_:b4939,Avanti Provino
_:b5178,Lingling Jungling
_:b5688,Shawna Hayoz
_:b5912,Hiwaaya Whittman
_:b7800,Iorwerth Knueppel
_:b346,Marulia Bondura
_:b1281,Zenalisa Delisle
_:b1346,Rosa Navor
_:b1525,Waajida Waltemeyer
_:b2319,LaCienega Konig
_:b2646,Denzel Garant
_:b3275,Corine Vaile
_:b3435,Tezeen Flinton
_:b4182,Aretina Tarwater
_:b4504,Bernice Caponi
_:b4568,Polo Beaty
_:b4742,Kunegundy Wiersteiner
_:b4951,Taisha Norby
_:b5952,Kiemon Bruestle
_:b6939,Mekenzie Patches
_:b7775,Boriuta Dolinar
_:b521,Burkhard Hussein
_:b539,Adok Galbiso
_:b1980,Tatsui Lonzo
_:b2264,Shinsui Zimm
_:b2310,Catalin Mitzner
_:b2679,Drystan Phang
_:b3330,Gajra Ulch
_:b3992,Janecska Turrey
_:b5077,Khlopyreva Dominick
_:b5198,Notburga Schirm
_:b5559,Ambros Evey
_:b5914,Gerti Betzel
_:b6223,Gesina Phommatheth
_:b6532,Anje Watters
_:b293,Eskil Littledave
_:b906,Tye Terheggen
_:b1160,Kerstine Finders
_:b1311,Kirti Rines
_:b1485,Alburg Pittillo
_:b1834,Mayuko Tappa
_:b2015,Kahori Drutman
_:b2324,Dima Janas
_:b2829,Muaaid Commes
_:b3925,Clementina Hohlstein
_:b4130,Gavin Reynolds
_:b5220,Indumukhi Warila
_:b5383,Alica Manwaring
_:b5577,Berta Cranfill
_:b5754,Petsa Stjean
_:b5758,Luwai Pomella
_:b5782,Qutb Vissering
_:b5848,Atiyya Miyagawa
_:b6186,Alelaide Sanchez
_:b7824,Dani Rhynes
_:b900,Berit Daubs
_:b1991,Nidra Ratigan
_:b2267,Fanuco Glyn
_:b2685,Jourdain Satterlund
_:b3370,Namika Billiter
_:b4005,Huraira Christescu
_:b5158,Raphaela Mcgriff
_:b5239,Bozhana Acres
_:b5241,Ronella Taverna
_:b5371,Hermann Noonan
_:b1380,Fedon Ryburn
_:b1411,Baram Zenner
_:b1514,Katlina Furth
_:b2657,Fedra Koff
_:b3928,Frso Newill
_:b3931,Oliverios Ogden
_:b4156,Binita Araque
_:b4862,Jayanti Schott
_:b5553,Ekani Frantzich
_:b6272,Imanol Deskins
_:b6960,Cami Dudziak
_:b870,Khaalida Dire
_:b1140,Abbie Manjarres
_:b1142,Morihiro Kopriva
_:b1146,Odelia Tekautz
_:b2271,Traveon Glau
_:b2622,Apolline Leonelli
_:b3943,Lavonne Garff
_:b3957,Courtenay Babjeck
_:b5409,Megkhla Aalund
_:b6316,Kasandra Dangler
_:b7755,Toshiki Griffel
_:b7761,Ludger Tyrus
_:b7765,Garyfallia Devenuto
_:b1692,Sumie Stamdifer
_:b2028,Desta Bowcutt
_:b2649,Erla Adib
_:b3070,Gustav Kudley
_:b3997,Hlne Cossell
_:b4880,Roseline Estwick
_:b5156,Subhi Corn
_:b5908,Fresco Soledad
_:b6266,Shikia Dewater
_:b7746,Kiriena Borlin
_:b533,Adeeb Drewski
_:b2285,Askitriia Trejos
_:b3038,Melvin Hibner
_:b3421,Madison Schwamberger
_:b3946,Elmedina Hendrixson
_:b3964,Neifion Lebrecque
_:b3998,Dae Borrero
_:b4728,Taree Pew
_:b5418,Maddockson Witten
_:b5712,EvaMaria Moraga
_:b6139,Gangolf Mellard
_:b2251,Minnah Lampel
_:b4015,Culhwch Tremaine
_:b4210,Aanchal Wisman
_:b4583,Lizzy Mcquire
_:b4736,Aayaat Gallese
_:b5523,Elisa Malchow
_:b6338,Kaarim Macmaster
_:b650,Yo Kadi
_:b2016,Fedia Hanning
_:b2607,Thanhha Depalma
_:b2633,Kongrey Stoyer
_:b3013,Lorda Bak
_:b3105,Irving Oines
_:b3215,Vanda Ukich
_:b3392,Kannon Presson
_:b3898,Toson Feist
_:b4580,Josefina Coachman
_:b5395,Leala Kaunisto
_:b5464,Amor Dregrich
_:b5636,Falguni Decent
_:b5882,Hannah Bacorn
_:b6332,Lunt Crossett
_:b7789,Bjrn Katen
_:b1360,Denes Wahlert
_:b1780,Shamaail Virant
_:b2280,Cece Dunagin
_:b2312,Kassius Leech
_:b2317,Tazia Caillouet
_:b4572,Matsudaira Lonsdale
_:b5349,Lester Lyday
_:b5450,Plys Mcclamma
_:b6270,Josiah Mcnight
_:b6277,Mil Slimko
_:b6317,Banys Dinos
_:b7795,Answin Rubottom
_:b661,Immanuel Bugos
_:b762,Guiletta Rosek
_:b1338,Agrippina Demirjian
_:b3398,Agammnon Gantvoort
_:b4534,Evita Musty
_:b5347,Dan Shintani
_:b5814,Oleksandra Thury
_:b5872,Alain Spletzer
_:b964,Bhagyashree Gorelik
_:b1376,Jasmine Coile
_:b1710,Bakar Trogdon
_:b2690,Ilja Seide
_:b2702,Ryosei Tortorelli
_:b2701,Masao Martey
_:b3096,Quanesha Tebar
_:b3919,Cinamon Mahany
_:b4778,Benkei Brackens
_:b5906,Tutana Ravert
_:b6329,Broderick Schwier
_:b7835,Essence Mirafuentes
_:b1144,Felicita Mounsey
_:b1686,Karyna Joyner
_:b2000,Mikolaj Ono
_:b3104,Marjon Whooley
_:b5502,Dirck Torgerson
_:b5662,Stefanie Pat
_:b1055,Mable Tarmey
_:b1378,Zbiska Paddy
_:b1818,Laline Subia
_:b2270,Pawl Huus
_:b3092,Kenzo Lionberger
_:b4515,Alxios Lokhmatov
_:b5452,Bonifatius Coalter
_:b5700,Ludwika Fune
_:b5702,Nikko Nopper
_:b6202,Corrado Hally
_:b6219,Apika Frausto
_:b7751,Kosaku Thevenin
_:b7774,Pribyslava Vanecek
_:b7818,Lyle Tsakonas
_:b1163,Devontae Abaloz
_:b1846,Anokhi Pineiro
_:b2603,Gordian Kindred
_:b2674,Elda Shimer
_:b3235,Darnel Saab
_:b3360,Jardena Trauth
_:b4029,Devochka Nordby
_:b4135,Masahiro Touchet
_:b4750,Josphine Seiple
_:b5212,Krystyna Pappajohn
_:b5416,Olipa Danehy
_:b6205,Bengt Gilvin
_:b6207,Nadeekovaia Stands
_:b6908,Grishma Warriner
_:b1408,Jin Demchok
_:b1584,Fina Devary
_:b2237,Lennart Ohora
_:b3939,Cathriona Cunniff
_:b5085,Zainuddeen Minkins
_:b5093,Grady Towery
_:b5946,Apollonia Layden
_:b6203,Fabian Hjelle
_:b7803,Zita Collette
_:b367,Jermaine Mandahl
_:b2231,Gracie Richards
_:b2619,Augustin Torner
_:b3316,Shirai Bresse
_:b4133,Hitaishi Trussell
_:b4193,Lizzi Cherubin
_:b4959,Clud Cracas
_:b5168,Mabinty Lepez
_:b7767,Tretiakovskaia Nygaard
_:b298,Lance Fernandes
_:b549,NewyddIlyn Borchers
_:b662,Katryn Volmer
_:b664,Petros Josefy
_:b1388,Choiwan Clontz
_:b1495,Fernanda Hokutan
_:b3529,Celerina Sarafian
_:b4752,Nashat Wafford
_:b5672,Heidemarie Meyerson
_:b5824,Thanos Santaella
_:b6327,Fatou Protzman
_:b6672,Vincent Ricley
_:b7745,Larena Stothart
_:b294,Naazil Buchannan
_:b860,Rashan Huyard
_:b918,Iselle Churches
_:b2005,Lettice Foisy
_:b2309,Denise Avant
_:b3060,LaNeesa Jerez
_:b3075,Popliia Stewart
_:b3419,Germund Betty
_:b4003,Ben Shrake
_:b4551,Seanna Thiesfeld
_:b4928,Katinka Pov
_:b5531,Emerentiana Mcever
_:b7790,Anwyl Walizer
_:b902,Layla Garnow
_:b1830,Beate Atherholt
_:b1832,Sajaa Gimm
_:b4143,Tachiana Shortnacy
_:b5454,Ettore Holtham
_:b5732,Romia Czapiewski
_:b5750,Hollie Herrin
_:b6951,Yoko Jim
_:b7787,Carma Alison
_:b7797,Blasa Paez
_:b292,Llyn Hardge
_:b1322,Wasmaaa Roen
_:b2637,Yuri Gentille
_:b2665,Rechkina Revalee
_:b4481,Yoninah Misasi
_:b4812,Taniya Zarella
_:b5734,Kazutoshi Schroeppel
_:b5764,Nathan Villenas
_:b5888,Lacy Knezevich
_:b7814,Jiae Querido
_:b3103,Kamilah Fagerquist
_:b3923,Ordena Blackbird
_:b4207,Yon Zamarripa
_:b4519,Carley Sultzer
_:b4520,Judy Crumpton
_:b4560,Kendrik Kneisley
_:b4937,Felka Iarocci
_:b5132,Devochkina Secunda
_:b5786,Moria Lapolla
_:b6037,Pietro Matuszeski
_:b6250,Earline Murr
_:b6823,Rosie Sarnoff
_:b300,Bhoomika Secord
_:b1788,Kimberle Vestering
_:b1842,Darell Oelschlager
_:b1966,Isis Liebross
_:b2957,Dameon Schieler
_:b3033,Maajid Loghry
_:b4147,Sawao Camargo
_:b4553,Bhargavi Lavadie
_:b6236,Fermin Raimondi
_:b6471,Tekh Keisling
_:b6925,Marquilla Carmel
_:b6954,Brooke Poinson
_:b7748,Toyshika Wilhite
_:b654,Patrido Sielaff
_:b840,Emily Mileski
_:b1305,Patty Overbeck
_:b1949,Davyd Lecleir
_:b2255,Charly Ulseth
_:b5401,Tylissus Hardnett
_:b5436,Yizel Rensch
_:b5472,Graciano Masse
_:b5517,Chiaki Lily
_:b5660,Wadeea Teresa
_:b6193,Sirajuddeen Shryock
_:b6295,Tawanna Wetz
_:b7753,Kitahachi Lattrell
_:b656,Svetlana Befort
_:b786,Adwr Liiv
_:b1684,Arlette Krzeminski
_:b3051,Ramza Doshi
_:b3114,Cycnus Sjaarda
_:b3177,Rachelle Asano
_:b3261,Iratze Ailes
_:b3425,Pedring Susong
_:b4168,Sugimoto Sixkiller
_:b4539,Willem Fauske
_:b5103,Koika Beiter
_:b5245,Fidda Boulton
_:b5393,Etiennette Kinahan
_:b6136,Sitaara Mullinax
_:b6229,Jairo Mente
_:b7807,Ulianka Abington
_:b1195,Jayden Persing
_:b2284,Lilith Hellerman
_:b2316,Tsurayaki Ivan
_:b3062,Qaaid Berlin
_:b4173,Josh Horvers
_:b5405,Sumitomo Brentano
_:b5616,Zion Rampa
_:b5714,Ibycus Hesselbach
_:b1283,Charmaine Rubick
_:b1985,Nicole Thansamai
_:b2234,Aindriu Spada
_:b2292,Cordie Witte
_:b3281,Ximon Fallick
_:b3417,Quirin Flamino
_:b3531,Efthala Krzesinski
_:b3543,Ronna Gaitan
_:b4189,Petya Bivings
_:b4517,Sunklitikiia Sefcik
_:b4738,Tulaiha Jacobs
_:b4768,Jyotika Gilfoy
_:b4914,Melia Nakao
_:b5676,Chruse Tolan
_:b6935,Violetta Hirneise
_:b306,Nazarova Abundis
_:b1177,Liviana Rickon
_:b1586,Sebald Agre
_:b1987,Ilka Waldroop
_:b3112,Fi Hargest
_:b3517,Aseela Cafaro
_:b3908,Aadam Bester
_:b4800,Antonio Nenninger
_:b4842,Mergivana Cattladge
_:b5389,Zaza Salach
_:b5541,Deretka Ruckey
_:b5604,Hansen Abramov
_:b5828,Isias Fagnani
_:b6769,Najeeb Salyer
_:b6934,Edithe Surls
_:b337,Juanisha Seppi
_:b1957,Anwyll Frabotta
_:b1994,Nanette Casado
_:b2819,Hlya Lummus
_:b3229,Syvwkh Lestor
_:b4533,Asya Meegan
_:b4586,Synnove Kallestad
_:b4806,Stephanie Mcnutty
_:b4957,Nellie Rohlf
_:b5337,Karsta Wetherington
_:b5620,Brooklynn Arkell
_:b6036,Jennifer Verfaillie
_:b6322,Bhagyashri Nowlin
_:b6768,Lolo Arrand
_:b6899,Teresa Dejean
_:b6959,Jordan Sherill
_:b303,Swidbert Repka
_:b1165,Vasin Marallo
_:b1745,Liridona Scheibner
_:b1798,Lale Valeri
_:b1959,Antje Viapiano
_:b1960,Katie Hooe
_:b2629,Tamsin Micali
_:b3979,Edwin Masloski
_:b4961,Geovanni Sarullo
_:b5656,Toshiharu Leverson
_:b5830,Kamillra Buckley
_:b6901,Bronwen Shaddock
_:b6946,Twila Schnorr
_:b7780,Vitoslava Ortolf
_:b444,Tamiko Docken
_:b1790,Bandhura Rival
_:b1925,Navarro Wasyliszyn
_:b2233,Hortenspa Posen
_:b3044,Tiutcheva Buntin
_:b3380,Almira Garand
_:b6309,Muniya Awada
_:b7808,Rima Hearl
_:b7831,Nandini Mette
_:b537,Timotheos Cazaree
_:b1828,Emiliano Cecena
_:b2821,Irinia Russom
_:b3364,Giancarlo Mager
_:b3505,Saya Drzewicki
_:b4918,Janard Miser
_:b5105,Lisann Hotek
_:b5462,Fadey Hothan
_:b7826,Herta Overbey
_:b653,Cellina Schlosser
_:b842,Greg Weatherly
_:b1344,lkisti Dayne
_:b1354,Liubka Colabella
_:b1926,Cj Traffanstedt
_:b3537,Skonka Lecato
_:b3643,Chenille Wallingford
_:b3913,Gelisa Waldron
_:b5204,Aashiyana Bracamontes
_:b5622,Nastasich Ruzbasan
_:b6940,Lorelis Borup
_:b910,Matteo Mestre
_:b1570,Stesha Rackett
_:b2018,Baldasarre Puzio
_:b2600,Saomai Neville
_:b2610,Mina Breuninger
_:b2732,Anwill Grisham
_:b3032,Anibal Cornelio
_:b3080,Jayda Fasano
_:b4036,Sonamu Vastano
_:b4734,Elfgard Moravec
_:b5399,Hinezka Diminno
_:b5575,Czar Hammack
_:b6826,Barnali Doniel
_:b6915,Carmelina Hopes
_:b6919,Kornelia Demauri
_:b7840,Sevastian Musante
_:b499,Lex Hoven
_:b511,Cadell Parral
_:b1183,Raimundo Wetklow
_:b1826,Gerdie Milbauer
_:b1939,Manka Binstock
_:b1990,Ludolfina Hinley
_:b2227,Ronelle Plake
_:b3283,Vasilevna Warmoth
_:b3890,Pelaga Loban
_:b5591,Kunku Fooks
_:b6557,Alton Winkeljohn
_:b6896,Olwydd Graig
_:b6942,TaJae Kurowski
_:b1497,Francisca Gofton
_:b1535,Jot Albert
_:b1938,Aristo Lacson
_:b2621,Lukasz Pressimone
_:b3059,Hertha Palese
_:b4209,Chantelle Canon
_:b4483,Bohdana Dalporto
_:b5686,Flix Ninness
_:b6349,Hedwiges Jirik
_:b7844,Trinika Philpott
_:b1527,Faron Carlyle
_:b2230,Kuniyuki Leigland
_:b2250,Danilova Studley
_:b4142,Claudius Gasaway
_:b4161,Waseem Lannier
_:b4516,Plato Beckel
_:b4802,Mitsuyo Ownes
_:b5543,Akihisa Panakos
_:b5654,Giulio Fick
_:b6206,Coeus Piermatteo
_:b6916,Clio Kearbey
_:b6944,Subaru Tototzintle
_:b7825,Gobrwy Braga
_:b1922,Fulko Pullen
_:b3107,Gwrddywal Rumbo
_:b4014,Margo Anderlik
_:b6083,Spitoslava Awtrey
_:b6226,Haimavati Acker
_:b6265,Nerth Atkisson
_:b6348,Genovefa Villaluazo
_:b6956,Kalista Deyak
_:b6965,Anjelita Elefritz
_:b507,Andrew Coplen
_:b1986,Decelle Jhingree
_:b2816,Umar Metherell
_:b3041,Liseetsa Brosh
_:b4141,GIynn Blanko
_:b4545,Gerardo Abdelmuti
_:b4746,Raku Petrovich
_:b5107,Aureliana Swaggart
_:b5756,Fioretta Kingry
_:b7791,Kalixtus Ondik
_:b767,Blair Cappucci
_:b1556,Erick Gustison
_:b2611,Abira Hemmig
_:b4591,Hishma Pynes
_:b5930,Yasmin Chaloner
_:b6304,Brnice Nuzenski
_:b7754,Frederic Mittman
_:b438,Javier Hausauer
_:b1963,Haruhiro Flecher
_:b1982,Eleonora Reffett
_:b3502,Daawood Lefevre
_:b5448,Peder Palisi
_:b6251,Cisca Swayzer
_:b7811,Levi Hubert
_:b440,Ekantika Bisogno
_:b642,Myshka Krishnamurthy
_:b958,Terell Haaland
_:b1114,Vongai Alaibilla
_:b1116,Otylia Lowdermilk
_:b3937,Yanely Roff
_:b3966,Nyoko Ling
_:b4034,Cheslav Sahl
_:b4127,Arthwr Kuklis
_:b5154,Jedrik Binker
_:b5834,Natalia Duffee
_:b6306,Abrienda Brinkerhoff
_:b7796,Drago Detmer
_:b1203,Ritchie Siwek
_:b1945,Elvio Wagnor
_:b2596,Bettine Stiefel
_:b2651,Zoia Bruchman
_:b3239,Liberty Kaneholani
_:b3904,Ioakim Wigg
_:b4782,Yasotaro Grasser
_:b4820,Freya Rook
_:b5646,Hieronymus Georgia
_:b6259,Nicanora Spader
_:b6337,Arnaldo Pusateri
_:b6473,Delila Logrono
_:b7842,Pindile Hermenegildo
_:b288,Karina Eggington
_:b1374,Edelberta Kung
_:b1450,Falk Defoe
_:b2297,Cody Mathena
_:b2302,Fedorka Nierenberg
_:b2639,Euzebia Argetsinger
_:b3061,Lodovica Anasagasti
_:b3413,Yale Sumaya
_:b4131,Rachael Leichtenberge
_:b4790,Gervaise Edgecomb
_:b5190,Thaumas Tyrol
_:b5235,Archie Mamo
_:b5624,Iwona Goeman
_:b7783,Takejiro Mcgann
_:b838,Haruhiko Tindell
_:b1132,Waliyya Dandrea
_:b2609,Eeva Derenzo
_:b3223,Ludgera Mella
_:b3259,Michinaga Orear
_:b3354,Trystan Mersinger
_:b4710,Biaiardo Condrey
_:b4718,Jillian Decarolis
_:b4760,Anuva Indest
_:b4892,Lorella Spratley
_:b5091,Malina Marier
_:b5150,Lorens Goffredo
_:b5545,Reshawnda Kuszlyk
_:b6214,Dominick Arton
_:b6325,Steffon Bottenfield
_:b287,Lotta Francoise
_:b776,Lacrasha Slavick
_:b2618,Lindsey Misenhimer
_:b2808,Vivka Culligan
_:b3486,Madina Mcglumphy
_:b3972,Saood Pichardo
_:b4208,Alana Kwiecinski
_:b4494,CerbeIus Berth
_:b5101,Ceri Lindner
_:b6296,Saturnina Hovanesian
_:b6303,Takechi Hanneken
_:b1279,Idurre Lagrave
_:b1560,Dionizy Rubison
_:b1796,Anka Pindell
_:b1802,Ake Crowson
_:b2260,Israa Hoeg
_:b2282,Flurina Carmella
_:b3376,Kbra Drissel
_:b3924,Dejohn Dallaire
_:b3974,Curcio Burciaga
_:b4028,Verena Cherrier
_:b4041,Harinakshi Perillo
_:b4594,Shawnika Spille
_:b5726,Hindola Jansky
_:b6299,Eunike Fitanides
_:b6330,Iole Castano
_:b6342,Iurevna Win
_:b6560,Yoritoki Powe
_:b6911,Arnode Buhlig
_:b6932,Roy Pronovost
_:b6975,Lovis Nishi
_:b363,AbdulGhafoor Mallie
_:b501,Matysh Segobia
_:b1006,Gyes Pandy
_:b1761,Christophe Careaga
_:b2275,Iksha Rubal
_:b2299,Fatlinda Coomey
_:b2662,Gideon Goldfischer
_:b4031,Theodon Poaipuni
_:b4186,Ewald Pietras
_:b4804,Gebrielle Patolot
_:b5816,Kunio Palazzo
_:b5928,Neola Crismond
_:b1444,BwIch Stahlberg
_:b1942,Tonasha Bapties
_:b2605,Binah Chevrier
_:b2703,Rica Lebrun
_:b3545,Grgory Primo
_:b4166,Tata Devara
_:b5438,Alanza Cernuto
_:b5710,Reyna Dacruz
_:b5722,Ibtisaama Callo
_:b6185,Tami Guntrum
_:b6347,Iuliania Ruggiero
_:b369,Cc Arroyos
_:b1372,Rinji Mcclinton
_:b1562,Laurel Kieler
_:b1751,Edviva Geist
_:b1984,Carson Skagen
_:b2223,Bhairavi Snyders
_:b3490,Hansi Huba
_:b3902,Ancaeus Argentieri
_:b3915,Sayre Durbin
_:b6921,Vila Servi
_:b1120,Rodell Sonnefeld
_:b2014,Philippa Cerar
_:b2705,Ramzi Heronemus
_:b3045,Siencyn Kaschmitter
_:b3221,Kemena Dearin
_:b5243,Christopher Given
_:b7785,Idrees Narkier
_:b7809,Yayoi Houtz
_:b297,Julien Triveno
_:b982,Adamina Macabeo
_:b986,Jerry Lydick
_:b1014,Resaunna Swanagan
_:b1152,Tsuruki Hazelrigg
_:b3488,Trevls Romprey
_:b4140,Catrina Beneke
_:b4714,Phineus Folland
_:b4902,Evie Whalley
_:b4912,Nikolajis Diano
_:b5097,Cadence Cudworth
_:b5678,Suketsune Rieg
_:b341,Podolphe Fluitt
_:b543,Glafira Geng
_:b2303,Yaeesh Libby
_:b3951,Daisetsu Angton
_:b3984,Fercos Kinkel
_:b4535,Marcario Keyon
_:b4575,Evin Leidy
_:b4941,Giada Siefken
_:b5134,Maka Willimon
_:b5428,Sigisbert Schmutz
_:b5950,Aanisa Mitman
_:b6243,Sienna Lorey
_:b6269,Everette Munir
_:b6933,Ciro Cabebe
_:b517,Judyta Solymani
_:b771,Mita Schwering
_:b772,Namiko Leval
_:b904,Kefira Economides
_:b1299,Shigetoki Glawe
_:b2670,Jarred Seres
_:b3231,Druson Doughtry
_:b3496,Orquidea Aceveda
_:b4796,Evanova Burn
_:b4965,Takamasa Niksich
_:b5361,Cesara Koetter
_:b5424,Shakeia Abeta
_:b5918,Rumaana Suzuki
_:b6613,Hitomo Ridge
_:b6906,Sumiko Condray
_:b6938,Cecilie Keeter
_:b353,Carli Maggert
_:b1289,Godela Grafenstein
_:b1517,Nicolaas Bergert
_:b1924,Brite Girman
_:b3100,Laurente Grella
_:b3999,Oxana Koble
_:b4523,Sadanobu Salvio
_:b5694,Rozhneva Eccleston
_:b6343,Karen Kazakos
_:b7772,Okakura Stengele
_:b513,Gwydion Gowans
_:b559,Latorray Delawder
_:b2955,Daryn Lejune
_:b3388,Colby Asiello
_:b3899,Colleen Jolly
_:b4585,Tanta Matthies
_:b4943,Tremaine Stockinger
_:b5856,Masaru Eichelberger
_:b7760,Agafya Scinto
_:b2027,Travion Mosco
_:b2276,Roswitha Caviggia
_:b3271,Klera Seckman
_:b3334,Angelia Brehmer
_:b3933,Chavez Gonales
_:b4724,Prosper Pepitone
_:b5500,Ghaaliya Fasick
_:b5634,Zhivana Borovec
_:b5852,Cecilio Brodka
http://localhost/persons/Paul_Erdoes,Paul Erdoes
_:b442,Deucalion Panahon
_:b3049,Dale Wolley
_:b3101,Gert Silverhorn
_:b3322,Tegan Margo
_:b3344,Narda Bayuk
_:b3551,Naruhiko Tyminski
_:b3922,Chan Weinfeld
_:b4522,Tyronne Doughty
_:b4529,Ekaterina Kretzschmar
_:b4716,AnnaLena Coopersmith
_:b4924,Tokage Coello
_:b5115,Katria Riddell
_:b5561,Wajdiyya Amsley
_:b5597,Mathew Farron
_:b6084,Heike Whitescarver
_:b6261,Nike Wardinsky
_:b6274,Mancel Seton
_:b1201,Zotico Cerrano
_:b1539,Perpetua Leyva
_:b3058,Jesper Cobler
_:b3553,Fern Ditzel
_:b4023,Phoena Lannen
_:b4039,Jaap Hongeva
_:b6232,Saith Nickolls
_:b6474,Niala Khamsyuorauon
_:b6618,Peter Hoof
_:b6824,Nezhatok Rauhe
_:b6957,Tannis Friedrichs
_:b1767,Narkis Hickling
_:b3102,Iarena Trajillo
_:b4527,Kristofer Staadt
_:b4886,Konyo Harnack
_:b5478,Iov Urrea
_:b5926,Marinda Calendine
_:b6210,Adeltraut Ohrenich
_:b7799,Loriana Dekenipp
_:b1386,Filips Dorvil
_:b1941,Labeeb Gonsales
_:b2022,Ichibei Reseigh
_:b2730,Magena Scherb
_:b3081,Thaddeus Grainger
_:b3342,Yoonus Mcguinness
_:b3541,Pio Bucknam
_:b4148,Nikki Klugh
_:b4172,Ofel Carruthers
_:b4824,Hachemon Level
_:b5434,Geppert Bustillos
_:b5900,Ada Branscomb
_:b6255,Kallista Neave
_:b6323,Elena Baccouche
_:b2601,Milleise Genco
_:b2688,Madalena Polan
_:b3085,Lubentius Rodde
_:b3390,Haskel Schadle
_:b3981,Ysabel Moffet
_:b4497,nthi Mordino
_:b4870,Kzhna Degolier
_:b4874,Stepanova Hagerty
_:b4920,Sahla Freedlander
_:b4963,Noboru Prasser
_:b5113,Sofronio Sau
_:b5426,Effimia Burnap
_:b6276,Ksafipa Nagura
_:b6427,Janie Brehony
_:b6963,Haripriya Kleckner
_:b641,Rosalinde Leinbach
_:b1554,Vitaliy Lineberger
_:b1749,Tadd Vanpatton
_:b1816,Domnika Fregozo
_:b2710,Avimelech Benincasa
_:b2731,Ramerra Greenup
_:b2831,Guntrada Palazzolo
_:b3243,Kuri Gunderson
_:b4149,Demitrius Glawson
_:b4487,Kunimichi Davidoff
_:b4587,Sunreet Mattox
_:b5898,Ljuba Brasfield
_:b6242,Jerrod Gabert
_:b6283,Reginald Lebroke
_:b768,Cyril Croslen
_:b1448,Lejla Torbett
_:b2640,Sina Kellen
_:b3318,Erotiida Fugle
_:b4138,Massimo Reddig
_:b5206,Katina Brougham
_:b5216,Lewis Boettcher
_:b5226,Sadako Honts
_:b5618,Arnault Hickenbottom
_:b6927,Hiral Cope
_:b3098,Demetri Zeyer
_:b5940,Betta Hung
_:b6339,Justus An
_:b6767,Liane Hakeem
_:b775,Walto Messman
_:b1690,Virgil Sweis
_:b2708,Moriz Rourk
_:b3011,Steverino Filas
_:b3087,Claus Disch
_:b3277,Janek Rabehl
_:b3945,Myrna Shurak
_:b4496,Buncho Adami
_:b4774,Mozyr Carranza
_:b5176,Juzaburo Blancato
_:b5527,Ignateva Loomer
_:b6234,Maelgwyn Beesley
_:b6247,Taheisha Mons
_:b6428,Hildegard Mcclafferty
_:b6947,Hasan Threlkeld
_:b2597,Galtero Kiening
_:b2817,Fulger Osazuwa
_:b3031,Dragana Luquette
_:b3267,Benno Moelter
_:b5456,Perchta Pigue
_:b5521,Ellinor Giannini
_:b5800,Allen Berga
_:b6825,Diellza Hoxsie
_:b6907,Shama Palomba
_:b6952,Ren Erwin
_:b1134,Bindia Lietzow
_:b1503,Jedrus Logwood
_:b2311,Anala Stankovic
_:b3035,Xenia Kautzman
_:b3409,Minna Gutieres
_:b3500,Tremelle Beshear
_:b4002,Zoraida Galardo
_:b4191,Bastiaan Espy
_:b4478,Elisabeth Malech
_:b4890,Kunti Oleksy
_:b5385,Rana Klas
_:b299,Shoko Moel
_:b848,Madelynn Hoehn
_:b868,Luci Adolfo
_:b1838,Satu Liebermann
_:b3063,Liborius Outley
_:b3372,Morgannwg Hohney
_:b4145,Masaki Ayudan
_:b4160,Okseniia Ellingburg
_:b4556,Delroy Thalacker
_:b4756,Theodore Wates
_:b4786,Nils Mcdannald
_:b6298,Lynda Roten
_:b6710,Addolgar Angelozzi
_:b6714,Ibrahim Dibiase
_:b6926,Jonas Rawe
_:b769,Toshiro Serey
_:b2696,Rufus Coatsworth
_:b3265,Ashton Hundertmark
_:b4197,Aroghetto Stanciel
_:b4858,Fritz Feimster
_:b5117,Vittoria Graeber
_:b5442,Nichole Panos
_:b5844,Amarika Minear
_:b6233,Smokey Oslan
_:b6280,Yalena Destasio
_:b6314,Ianka Westbrook
_:b6326,Urban Maddix
_:b6671,Lucie Kieke
_:b6902,Wade Galacio
_:b2631,Milton Goodrum
_:b4181,Kareen Roberton
_:b4477,Gitana Lieberg
_:b4571,Treven Saltis
_:b5440,Chanequa Armendariz
_:b5444,Semislava Mirsch
_:b5682,Betti Dormanen
_:b5792,Dubrava Keeny
_:b5878,Laeticia Degaust
_:b6227,Sigbert Mcginnis
_:b1277,Stve Rockwood
_:b1348,Lepa Yoshino
_:b1537,Stratka Pinchon
_:b1921,Edria Mc
_:b2306,Laurentia Vandevort
_:b3934,Ignace Mceldowney
_:b4185,Ekzuperiia Jagodzinski
_:b4526,Lemuel Rubinson
_:b4910,Tim Rosaro
_:b5065,Khrystiyanr Heberer
_:b5119,Delbin Helmert
_:b5790,Benjamin Freudenthal
_:b7822,Junnosuke Hendler
_:b956,Ewiniar Mouret
_:b984,Plakida Gothe
_:b1552,Lucero Companie
_:b1935,Armando Glos
_:b2032,Dick Corsello
_:b3929,Ogai Britt
_:b4170,Asmita Giorgianni
_:b5126,Klasha Soula
_:b5214,Manny Rudder
_:b5744,Grit Mceneny
_:b5748,Anita Kataoka
_:b5842,Laertes Klemash
_:b6224,Unokubi Mavins
_:b551,Christophine Welke
_:b3176,Aurelie Matheis
_:b3411,Bandana Mendoza
_:b3917,Drutmar Bolder
_:b4128,Ezmeralda Frizell
_:b4164,Amishi Masgalas
_:b4211,Griffeth Shoemaker
_:b6278,Chenia Joens
_:b6964,Cassie Mullings
_:b7744,Heloise Hartnett
_:b1307,Dandrea Calender
_:b1587,Tameesha Wysocki
_:b2300,Gwyr Catacun
_:b4007,Delisha Guffanti
_:b4018,Shigeko Olmsted
_:b4830,Eli Ronk
_:b5692,Paolina Mikolon
_:b6670,Alhertina Markson
_:b6955,Brinda Abramoff
_:b6971,Donne Lansing
_:b7750,Joaquina Willer
_:b1051,Evstoliia Hueckman
_:b1156,Lamesha Neher
_:b1362,Miyako Moreida
_:b1465,Arne Pennison
_:b2232,Nobuyoki Weglage
_:b2304,Jedidiah Carey
_:b3069,Diarria Gotwalt
_:b3326,Aura Finazzo
_:b3983,Amita Hambleton
_:b4153,Jonah Credle
_:b4592,Joshua Dullea
_:b6209,Meira Mcmurtrie
_:b6244,Hadi Dani
_:b503,Chesell Vatter
_:b782,Krushka Minner
_:b3073,Anjali Milliman
_:b3423,Eithne Hebdon
_:b3525,Leiko Dodson
_:b4198,Alfinta Baez
_:b4508,Joanne Waldbauer
_:b5387,Shiori Jeske
_:b5854,Keith Montijano
_:b6617,Iulianiia Lerno
_:b1708,Gesine Desue
_:b2638,Nissho Laorange
_:b3109,Cuartio Palmquist
_:b3903,Gamaliel Korbar
_:b4499,Lucianna Ditsch
_:b4502,Guntlinde Schomas
_:b4884,Hema Laske
_:b555,Herberta Fullenwider
_:b2655,Hiroyuki Prochnow
_:b2807,Chernavka Hamson
_:b3052,Kenyon Keirnan
_:b3115,Omari Mincey
_:b3895,Latonya Gucciardi
_:b4174,Clariss Cervetti
_:b4176,Aaron Metevier
_:b4872,Klaasr Kryston
_:b6199,Shunichi Eiben
_:b6228,Lubohna Degree
_:b6254,Gryphin Basse
_:b6669,Klas Oxton
_:b1471,Koyo Friedrichsen
_:b1473,Branislava Marentis
_:b1806,Yesmina Loveridge
_:b1822,Giuseppe Zerzan
_:b2647,Gislind Bureau
_:b2826,Nichiren Parcell
_:b3958,Margie Terrebonne
_:b3962,Leah Hoguet
_:b4001,Matrona Hagins
_:b4203,Etelani Heutmaker
_:b4506,Brie Murzycki
_:b4832,Sawada Riesenberg
_:b5706,Tadasuke Canas
_:b5846,Vasilisa Montanari
_:b6311,Jotaro Scarritt
_:b7773,Isidor Mosgrove
_:b1199,Hailey Seys
_:b1674,Mabel Gaito
_:b2035,Cenobia Hazarika
_:b2700,Wafaaa Lawerence
_:b3300,Sabri Sawdo
_:b3533,Gregoire Hizer
_:b5670,Dexter Zsohar
_:b6267,Naazim Heyser
_:b6268,Lieselott Falkenberg
_:b6674,Ralph Clearo
_:b6920,Julissa Colledge
_:b6961,Masujiro Davin
_:b383,Yaineris Francisco
_:b432,Kazuhiko Campas
_:b770,Ismael Freedman
_:b3646,Lidiia Wellnitz
_:b4500,Jameel Donath
_:b5089,Ariella Stebner
_:b5210,Mael Kudelka
_:b5237,Bertha Makowsky
_:b5569,Joan Olis
_:b5610,Mardiyya Lovejoy
_:b5752,Minerva Suehs
_:b5822,Dalida Kulhanek
_:b6711,Lala Broadrick
_:b6967,Laquenetta Stavnes
_:b6976,Jun Sichta
_:b343,Tadao Pentaris
_:b519,Jenell Harlin
_:b998,Grard Fong
_:b1106,Eleena Damone
_:b1382,Ulises Falci
_:b1733,Slava Matherson
_:b1786,Honzo Graleski
_:b2030,AbdurRazzaaq Wagley
_:b2225,Nidgar Bree
_:b2321,Aeolus Abril
_:b3324,Eireann Reines
_:b4024,Geovana Stramel
_:b4163,Nastasja Kayser
_:b5202,Gualtier Embt
_:b5430,Goswin Apthorpe
_:b5535,Arnoldo Babbin
_:b5696,Kojiro Baxter
_:b6138,Berthold Humphrys
_:b7749,Rafaele Shortridge
_:b7827,Zanita Monath
_:b375,Bailee Chabolla
_:b1326,Kordal Tetzlaff
_:b2240,Josefine Polucha
_:b2671,Bishr Napoletano
_:b2684,Raabiya Carie
_:b3304,Dobrava Heebsh
_:b3336,Ernesta Pontillo
_:b3513,Wardell Drinkley
_:b4183,Galtem Mierzwinski
_:b4581,Toshiana Eilts
_:b4590,Amal Butac
_:b4762,Hiranmayi Ladyman
_:b5083,Samuela Kurrie
_:b5494,Chanel Fratercangelo
_:b6253,Luiza Kotas
_:b6827,Ellina Dedic
_:b646,Everardo Yidiaris
_:b1315,Tyanna Kohlhoff
_:b1581,Poved Hittle
_:b2634,Cordula Grattan
_:b2832,Livius Norgaard
_:b2956,Cisco Agtarap
_:b4195,Briza Deleone
_:b4536,Fidelina Barie
_:b5614,Shanish Mccamy
_:b5746,Miliko Bramsen
_:b5838,Amabella Gharing
_:b6282,Joanna Raimer
_:b6972,Josefa Burdi
_:b301,Editta Servoss
_:b3241,Arcenio Rayshell
_:b3555,Emanuel Gaytan
_:b5067,Ronaldo Lebarron
_:b5924,Alisa Lisi
_:b6313,Gaspar Mackeen
_:b6937,Orpheus Deibel
_:b7766,Llevelys Kuarez
_:b1122,Naganori Wreede
_:b1124,Aseel Waddups
_:b2676,Zenaide Rosendale
_:b3905,Golubitsa Dilaura
_:b3907,Klaus Klasinski
_:b3969,Abilo Ledyard
_:b4184,Emerald Dwornik
_:b4563,Brandi Massaro
_:b5186,Culvanawd Cothren
_:b6221,Djamila Poncio
_:b6913,Larina Younkins
_:b7792,Malakas Geronime
_:b7839,Aksana Chander
_:b1016,Zhona Aden
_:b1370,Vashan Flener
_:b2814,Troika Correy
_:b4513,Azzaam Higdon
_:b4754,Heather Boffa
_:b4876,Adonija Tokunaga
_:b6353,Malajit Brandenberger
_:b6917,Allyson Perrotta
_:b7816,Lexa Grapes
_:b441,Paloma Schnall
_:b1334,Vasilii Crowl
_:b1706,Manaara Tennett
_:b2263,Liselott Danielian
_:b3558,Conway Sobba
_:b4201,Lisandra Zulfer
_:b4838,Yori Coker
_:b4953,Wierga Llano
_:b5345,Gula Hollen
_:b5474,Zoelle Holts
_:b6241,Fumi Currington
_:b6941,Alcina Gibert
_:b7757,Songda Comden
_:b854,Rocky Brierre
_:b1102,Camika Montilla
_:b1533,Orrel Farnum
_:b4511,Saloma Cason
_:b4543,Tonyo Dubej
_:b4758,Kanjiro Lazarus
_:b4860,Philomele Sommerfield
_:b5666,Fawzaana Picton
